neuron_id,n_pre,n_post,Mean_pre,Mean_post,Diff,U,p,sig,fs_fast_response
1069,184.0,16.0,0.33,1.71,1.38,569.0,0.0,True,activated
1070,184.0,16.0,1.28,3.74,2.46,520.5,0.0,True,activated
1071,184.0,16.0,0.95,3.67,2.72,393.0,0.0,True,activated
1072,184.0,16.0,0.24,-3.23,-3.47,2673.5,0.0,True,inhibited
1074,184.0,16.0,0.81,2.57,1.76,821.0,0.02,True,activated
1075,184.0,16.0,0.63,1.24,0.6,1078.0,0.28,False,non responder
1076,184.0,16.0,0.28,2.84,2.56,531.0,0.0,True,activated
1078,184.0,16.0,0.74,-0.9,-1.64,2658.5,0.0,True,inhibited
1079,184.0,16.0,-0.12,-0.14,-0.01,1538.5,2.26,False,non responder
1081,184.0,16.0,,,,,,False,non responder
1082,184.0,16.0,0.76,1.71,0.95,1166.5,0.59,False,non responder
1084,184.0,16.0,0.53,2.36,1.82,725.0,0.0,True,activated
1085,184.0,16.0,0.6,-2.03,-2.64,2692.5,0.0,True,inhibited
1087,184.0,16.0,-0.08,1.61,1.69,746.5,0.0,True,activated
1088,184.0,16.0,0.06,0.23,0.17,1398.5,1.51,False,non responder
1093,184.0,16.0,0.02,0.73,0.71,1085.0,0.3,False,non responder
1094,184.0,16.0,0.44,1.38,0.94,939.5,0.07,False,non responder
1095,184.0,16.0,-1.28,6.73,8.01,88.5,0.0,True,activated
1098,184.0,16.0,1.16,0.96,-0.2,1925.0,0.17,False,non responder
1100,184.0,16.0,0.05,0.62,0.58,970.0,0.1,False,non responder
1102,184.0,16.0,0.68,0.04,-0.64,1845.0,0.29,False,non responder
1105,184.0,16.0,-0.8,0.16,0.96,832.5,0.02,True,activated
1106,184.0,16.0,2.11,8.41,6.3,635.0,0.0,True,activated
1107,184.0,16.0,-0.49,-2.15,-1.66,2640.0,0.0,True,inhibited
1111,184.0,16.0,-0.21,-0.97,-0.75,2045.0,0.03,True,inhibited
1114,184.0,16.0,0.46,7.22,6.76,76.0,0.0,True,activated
1116,184.0,16.0,0.37,8.72,8.35,133.0,0.0,True,activated
1119,184.0,16.0,0.01,3.39,3.38,356.5,0.0,True,activated
1121,184.0,16.0,0.28,5.3,5.01,214.5,0.0,True,activated
1123,184.0,16.0,0.72,6.92,6.21,97.0,0.0,True,activated
1124,184.0,16.0,0.38,0.48,0.1,1422.5,2.54,False,non responder
1127,184.0,16.0,0.45,-1.79,-2.24,2528.5,0.0,True,inhibited
1129,184.0,16.0,,,,,,False,non responder
1131,184.0,16.0,0.82,14.36,13.54,36.5,0.0,True,activated
1136,184.0,16.0,0.13,0.21,0.08,1483.0,2.79,False,non responder
1137,184.0,16.0,0.08,4.77,4.69,198.5,0.0,True,activated
1138,184.0,16.0,0.01,6.05,6.05,237.5,0.0,True,activated
1139,184.0,16.0,0.35,18.39,18.03,30.0,0.0,True,activated
1140,184.0,16.0,0.39,4.98,4.59,285.5,0.0,True,activated
1143,184.0,16.0,0.29,0.7,0.41,1321.0,0.09,False,non responder
1144,184.0,16.0,1.24,6.82,5.58,124.0,0.0,True,activated
1145,184.0,16.0,0.52,1.36,0.84,1031.0,0.18,False,non responder
1146,184.0,16.0,0.09,0.22,0.13,1470.0,2.84,False,non responder
1148,184.0,16.0,-1.12,-1.12,-0.0,1571.5,1.97,False,non responder
1149,184.0,16.0,0.11,1.05,0.94,1044.5,0.21,False,non responder
1150,184.0,16.0,0.12,0.76,0.64,919.5,0.06,False,non responder
1151,184.0,16.0,0.47,-1.83,-2.3,2715.0,0.0,True,inhibited
1152,184.0,16.0,0.25,-0.7,-0.95,2157.0,0.01,True,inhibited
1153,184.0,16.0,0.05,0.19,0.14,1398.0,1.89,False,non responder
1154,184.0,16.0,0.4,0.71,0.31,1326.5,1.59,False,non responder
1157,184.0,16.0,0.82,1.44,0.62,1479.5,2.8,False,non responder
1159,184.0,16.0,0.05,0.65,0.6,1395.5,2.16,False,non responder
1166,184.0,16.0,0.27,10.2,9.93,64.0,0.0,True,activated
1168,184.0,16.0,0.7,4.86,4.16,791.0,0.01,True,activated
1173,184.0,16.0,0.03,-0.72,-0.75,2251.5,0.0,True,inhibited
1175,184.0,16.0,-0.3,2.51,2.81,651.0,0.0,True,activated
1176,184.0,16.0,0.21,0.15,-0.06,1599.5,1.72,False,non responder
1178,184.0,16.0,0.18,-1.08,-1.26,2247.5,0.0,True,inhibited
1179,184.0,16.0,-0.6,-4.22,-3.63,2788.5,0.0,True,inhibited
1180,184.0,16.0,-0.31,-0.04,0.27,1274.0,0.39,False,non responder
1181,184.0,16.0,1.58,12.17,10.58,289.5,0.0,True,activated
1182,184.0,16.0,0.46,2.61,2.16,455.0,0.0,True,activated
1183,184.0,16.0,0.09,0.08,-0.0,1480.0,2.8,False,non responder
1184,184.0,16.0,0.19,-0.91,-1.09,2379.0,0.0,True,inhibited
1186,184.0,16.0,1.67,0.56,-1.11,2030.0,0.05,False,non responder
1187,184.0,16.0,0.32,0.0,-0.31,1793.5,0.45,False,non responder
1190,184.0,16.0,0.47,-1.41,-1.88,2610.0,0.0,True,inhibited
1191,184.0,16.0,0.89,-0.04,-0.92,2084.5,0.03,True,inhibited
1192,184.0,16.0,1.35,0.7,-0.65,1738.0,0.77,False,non responder
1193,184.0,16.0,0.11,-0.34,-0.45,1868.5,0.28,False,non responder
1194,184.0,16.0,0.94,-0.85,-1.79,2468.0,0.0,True,inhibited
1195,184.0,16.0,0.65,2.6,1.95,698.5,0.0,True,activated
1196,184.0,16.0,0.21,-0.13,-0.34,1783.0,0.56,False,non responder
1197,184.0,16.0,0.59,0.79,0.19,1504.5,2.6,False,non responder
1198,184.0,16.0,0.26,-0.2,-0.46,1673.5,0.95,False,non responder
1201,184.0,16.0,0.53,-0.15,-0.68,2046.0,0.04,True,inhibited
1202,184.0,16.0,3.12,0.45,-2.67,1954.5,0.1,False,non responder
1203,184.0,16.0,0.25,0.58,0.34,1359.0,1.91,False,non responder
1204,184.0,16.0,0.66,-0.0,-0.67,2051.5,0.04,True,inhibited
1205,184.0,16.0,0.93,-0.71,-1.64,2492.0,0.0,True,inhibited
1208,184.0,16.0,0.28,0.35,0.07,1591.0,1.78,False,non responder
1209,184.0,16.0,0.82,0.44,-0.38,1680.5,1.07,False,non responder
1210,184.0,16.0,1.11,0.44,-0.67,1742.0,0.7,False,non responder
1211,184.0,16.0,0.81,1.25,0.44,1243.5,1.0,False,non responder
1212,184.0,16.0,0.51,-0.27,-0.79,2171.0,0.01,True,inhibited
1214,184.0,16.0,0.6,0.46,-0.14,1757.5,0.67,False,non responder
1215,184.0,16.0,1.04,-0.53,-1.57,2318.0,0.0,True,inhibited
1216,184.0,16.0,1.15,0.6,-0.56,1908.5,0.19,False,non responder
1219,184.0,16.0,0.94,-1.74,-2.68,2690.0,0.0,True,inhibited
1220,184.0,16.0,1.57,8.1,6.53,243.5,0.0,True,activated
1221,184.0,16.0,0.11,-0.81,-0.92,2068.0,0.03,True,inhibited
1222,184.0,16.0,-0.39,0.96,1.35,603.5,0.0,True,activated
1224,184.0,16.0,-0.35,1.14,1.49,488.0,0.0,True,activated
1226,184.0,16.0,-0.03,0.09,0.12,1487.5,2.77,False,non responder
1227,184.0,16.0,0.32,5.98,5.66,67.0,0.0,True,activated
1229,184.0,16.0,-0.59,2.35,2.95,873.5,0.03,True,activated
1230,184.0,16.0,1.56,8.65,7.09,68.5,0.0,True,activated
1231,184.0,16.0,0.73,3.19,2.46,481.0,0.0,True,activated
1232,184.0,16.0,0.38,2.83,2.45,505.0,0.0,True,activated
1233,184.0,16.0,0.78,0.97,0.19,1728.0,0.83,False,non responder
1234,184.0,16.0,-0.57,11.54,12.11,32.5,0.0,True,activated
1235,184.0,16.0,0.11,2.54,2.42,469.5,0.0,True,activated
1236,184.0,16.0,1.49,-0.08,-1.57,1886.0,0.24,False,non responder
1237,184.0,16.0,1.16,5.18,4.02,286.0,0.0,True,activated
1238,184.0,16.0,1.86,-0.34,-2.2,2012.0,0.07,False,non responder
1240,184.0,16.0,2.46,4.41,1.95,995.0,0.13,False,non responder
1241,184.0,16.0,0.75,7.38,6.63,15.0,0.0,True,activated
1242,184.0,16.0,0.16,1.14,0.98,954.0,0.07,False,non responder
1244,184.0,16.0,-0.02,1.46,1.49,532.5,0.0,True,activated
1245,184.0,16.0,-0.19,0.94,1.13,937.5,0.07,False,non responder
1250,184.0,16.0,1.45,2.84,1.39,927.5,0.06,False,non responder
1255,184.0,16.0,1.46,-0.86,-2.33,2433.5,0.0,True,inhibited
1261,184.0,16.0,-0.81,-3.23,-2.42,2849.0,0.0,True,inhibited
1263,184.0,16.0,2.16,0.65,-1.51,1785.0,0.56,False,non responder
1264,184.0,16.0,5.56,-0.21,-5.77,2419.5,0.0,True,inhibited
1265,184.0,16.0,1.45,-0.1,-1.55,2251.5,0.0,True,inhibited
1266,184.0,16.0,2.59,1.34,-1.25,1549.5,2.16,False,non responder
1267,184.0,16.0,-0.53,-1.54,-1.02,2453.0,0.0,True,inhibited
1269,184.0,16.0,-0.52,-2.39,-1.87,2903.5,0.0,True,inhibited
1270,184.0,16.0,0.93,0.4,-0.53,1852.5,0.32,False,non responder
1272,184.0,16.0,0.62,-1.82,-2.44,2853.5,0.0,True,inhibited
1273,184.0,16.0,-0.94,-1.52,-0.57,2008.0,0.02,True,inhibited
1274,184.0,16.0,0.52,3.26,2.74,600.0,0.0,True,activated
1276,184.0,16.0,1.91,-0.17,-2.08,2318.0,0.0,True,inhibited
1277,184.0,16.0,-0.57,-0.84,-0.27,1765.5,0.63,False,non responder
1280,184.0,16.0,0.3,-1.46,-1.76,2478.0,0.0,True,inhibited
1281,184.0,16.0,,,,,,False,non responder
1283,184.0,16.0,1.63,2.87,1.24,1205.5,0.65,False,non responder
1284,184.0,16.0,-0.32,-2.66,-2.34,2887.5,0.0,True,inhibited
1285,184.0,16.0,-0.17,-0.44,-0.27,1686.0,0.56,False,non responder
1287,184.0,16.0,0.72,2.78,2.05,469.5,0.0,True,activated
1289,184.0,16.0,2.21,10.98,8.76,236.5,0.0,True,activated
1291,184.0,16.0,1.11,2.17,1.06,1256.0,0.81,False,non responder
1292,184.0,16.0,0.93,1.84,0.9,1082.0,0.29,False,non responder
1294,184.0,16.0,0.7,-0.49,-1.19,2207.0,0.0,True,inhibited
1299,184.0,16.0,2.09,4.88,2.8,638.5,0.0,True,activated
1301,184.0,16.0,0.75,-0.94,-1.69,2665.0,0.0,True,inhibited
1302,184.0,16.0,1.56,1.12,-0.44,1620.5,1.39,False,non responder
1303,184.0,16.0,0.75,-2.37,-3.11,2917.0,0.0,True,inhibited
1305,184.0,16.0,0.59,1.54,0.95,910.0,0.04,True,activated
1312,184.0,16.0,-0.07,-0.25,-0.18,1566.0,1.43,False,non responder
1314,184.0,16.0,1.83,4.33,2.5,789.5,0.01,True,activated
1315,184.0,16.0,-0.03,-1.69,-1.67,2666.0,0.0,True,inhibited
1316,184.0,16.0,-0.46,-1.95,-1.49,2564.5,0.0,True,inhibited
1317,184.0,16.0,2.22,7.17,4.95,226.5,0.0,True,activated
1318,184.0,16.0,1.77,2.73,0.96,1031.5,0.18,False,non responder
1319,184.0,16.0,1.63,0.27,-1.36,1921.0,0.17,False,non responder
1320,184.0,16.0,0.36,0.48,0.11,1421.5,2.16,False,non responder
1321,184.0,16.0,0.06,-0.5,-0.56,2044.5,0.04,True,inhibited
1322,184.0,16.0,1.15,0.57,-0.58,1766.0,0.52,False,non responder
1329,184.0,16.0,3.14,9.04,5.9,489.0,0.0,True,activated
1330,184.0,16.0,-1.3,-2.92,-1.62,2358.5,0.0,True,inhibited
1331,184.0,16.0,0.46,-1.54,-2.0,2687.5,0.0,True,inhibited
1332,184.0,16.0,-0.33,-1.66,-1.32,2644.0,0.0,True,inhibited
1333,184.0,16.0,1.22,0.98,-0.24,1552.0,1.9,False,non responder
1334,184.0,16.0,2.0,-0.11,-2.11,2224.5,0.0,True,inhibited
1336,184.0,16.0,4.51,1.0,-3.51,1788.5,0.35,False,non responder
1338,184.0,16.0,0.39,-2.04,-2.43,2826.5,0.0,True,inhibited
1339,184.0,16.0,-0.52,-1.56,-1.04,2297.5,0.0,True,inhibited
1341,184.0,16.0,1.05,-1.53,-2.58,2706.0,0.0,True,inhibited
1342,184.0,16.0,3.39,-0.29,-3.68,2362.5,0.0,True,inhibited
1343,184.0,16.0,-0.22,1.15,1.37,661.5,0.0,True,activated
1345,184.0,16.0,6.37,17.08,10.71,34.0,0.0,True,activated
1347,184.0,16.0,1.93,1.88,-0.05,1238.0,0.65,False,non responder
1349,184.0,16.0,1.59,4.98,3.39,415.0,0.0,True,activated
1350,184.0,16.0,-0.14,2.73,2.88,817.5,0.02,True,activated
1353,184.0,16.0,0.21,1.0,0.79,1267.5,0.1,False,non responder
1354,184.0,16.0,0.27,0.2,-0.07,1589.0,1.63,False,non responder
1356,184.0,16.0,-0.1,2.05,2.15,766.5,0.01,True,activated
1357,184.0,16.0,0.21,0.45,0.25,1561.5,1.85,False,non responder
1361,184.0,16.0,0.53,2.81,2.28,607.5,0.0,True,activated
1363,184.0,16.0,0.56,0.88,0.32,1556.5,1.88,False,non responder
1364,184.0,16.0,0.99,1.1,0.12,1382.0,1.85,False,non responder
1366,184.0,16.0,0.41,-0.68,-1.09,2208.0,0.0,True,inhibited
1367,184.0,16.0,0.29,2.39,2.1,1087.5,0.0,True,activated
1368,184.0,16.0,0.0,1.61,1.6,1168.5,0.59,False,non responder
1369,184.0,16.0,0.16,0.8,0.64,1413.0,2.09,False,non responder
1370,184.0,16.0,,,,,,False,non responder
1371,184.0,16.0,,,,,,False,non responder
1373,184.0,16.0,0.57,3.43,2.86,192.0,0.0,True,activated
1378,184.0,16.0,0.3,-1.75,-2.05,2708.0,0.0,True,inhibited
1379,184.0,16.0,0.48,7.56,7.07,221.0,0.0,True,activated
1380,184.0,16.0,0.25,1.13,0.88,1122.5,0.24,False,non responder
1383,184.0,16.0,0.59,5.35,4.76,724.5,0.0,True,activated
1384,184.0,16.0,0.39,1.6,1.21,845.0,0.01,True,activated
1385,184.0,16.0,0.23,6.86,6.63,42.0,0.0,True,activated
1386,184.0,16.0,0.47,-0.12,-0.59,1598.0,1.17,False,non responder
1387,184.0,16.0,1.31,5.84,4.52,274.0,0.0,True,activated
1389,184.0,16.0,0.75,3.23,2.49,607.0,0.0,True,activated
1391,184.0,16.0,,,,,,False,non responder
1392,184.0,16.0,,,,,,False,non responder
1393,184.0,16.0,0.43,1.99,1.56,1250.5,0.66,False,non responder
1394,184.0,16.0,0.4,-1.78,-2.18,2486.5,0.0,True,inhibited
1395,184.0,16.0,-0.01,0.51,0.52,1260.0,0.31,False,non responder
1398,184.0,16.0,0.26,-0.2,-0.46,1857.5,0.17,False,non responder
1401,184.0,16.0,-0.28,-0.62,-0.34,1906.0,0.11,False,non responder
1405,184.0,16.0,0.47,0.46,-0.01,1802.0,0.29,False,non responder
1406,184.0,16.0,1.21,2.61,1.4,1090.0,0.18,False,non responder
1407,184.0,16.0,,,,,,False,non responder
1410,184.0,16.0,-0.02,-0.1,-0.09,1521.5,0.83,False,non responder
1412,184.0,16.0,1.31,2.19,0.88,1514.5,0.86,False,non responder
1413,184.0,16.0,0.54,0.75,0.21,1687.0,0.69,False,non responder
1414,184.0,16.0,1.19,-0.31,-1.49,2254.5,0.0,True,inhibited
1416,184.0,16.0,1.29,-0.28,-1.56,2226.0,0.0,True,inhibited
1417,184.0,16.0,0.75,6.98,6.23,127.0,0.0,True,activated
1426,184.0,16.0,1.36,2.63,1.27,1027.0,0.1,False,non responder
1434,184.0,16.0,1.45,7.72,6.27,499.5,0.0,True,activated
1435,184.0,16.0,0.97,5.89,4.92,303.0,0.0,True,activated
1437,184.0,16.0,0.35,-1.2,-1.55,2440.0,0.0,True,inhibited
1438,184.0,16.0,0.95,1.81,0.86,1052.5,0.12,False,non responder
1439,184.0,16.0,0.06,-1.12,-1.18,2341.0,0.0,True,inhibited
1440,184.0,16.0,0.66,3.67,3.01,1112.5,0.0,True,activated
1441,184.0,16.0,0.19,-0.26,-0.45,1858.0,0.17,False,non responder
1442,184.0,16.0,0.23,-2.49,-2.71,2706.5,0.0,True,inhibited
1443,184.0,16.0,1.3,1.79,0.49,1165.0,0.18,False,non responder
1445,184.0,16.0,1.04,-2.92,-3.96,2757.0,0.0,True,inhibited
1446,184.0,16.0,-0.02,1.41,1.43,431.0,0.0,True,activated
1447,184.0,16.0,0.67,-1.62,-2.3,2657.5,0.0,True,inhibited
1448,184.0,16.0,2.02,8.57,6.55,355.5,0.0,True,activated
1452,184.0,16.0,0.46,1.57,1.11,897.0,0.02,True,activated
1455,184.0,16.0,2.75,4.4,1.65,1086.5,0.17,False,non responder
1458,184.0,16.0,0.19,5.28,5.1,18.0,0.0,True,activated
1459,184.0,16.0,2.82,10.49,7.67,51.0,0.0,True,activated
1460,184.0,16.0,3.87,22.29,18.42,125.5,0.0,True,activated
1461,184.0,16.0,3.42,3.39,-0.03,1549.0,0.74,False,non responder
1463,184.0,16.0,2.08,10.51,8.43,86.0,0.0,True,activated
1465,184.0,16.0,0.61,1.81,1.19,867.0,0.01,True,activated
1467,184.0,16.0,0.23,0.39,0.16,1426.0,0.7,False,non responder
1469,184.0,16.0,-0.28,-3.66,-3.38,2771.5,0.0,True,inhibited
1470,184.0,16.0,0.67,-1.43,-2.09,2631.5,0.0,True,inhibited
1471,184.0,16.0,-0.62,-2.33,-1.71,2415.5,0.0,True,inhibited
1474,184.0,16.0,1.86,0.62,-1.24,1931.5,0.08,False,non responder
1475,184.0,16.0,0.97,0.29,-0.68,2038.5,0.02,True,inhibited
1479,184.0,16.0,1.6,5.0,3.4,488.0,0.0,True,activated
1480,184.0,16.0,1.29,3.16,1.87,1244.0,0.33,False,non responder
1481,184.0,16.0,0.65,3.9,3.25,743.0,0.0,True,activated
1482,184.0,16.0,0.64,0.04,-0.6,1711.0,0.41,False,non responder
1483,184.0,16.0,1.42,2.56,1.15,994.5,0.05,True,activated
1484,184.0,16.0,0.4,-0.34,-0.74,1955.5,0.04,True,inhibited
1485,184.0,16.0,1.68,6.45,4.77,395.5,0.0,True,activated
1486,184.0,16.0,0.8,7.75,6.95,60.5,0.0,True,activated
1487,184.0,16.0,0.34,4.48,4.14,418.5,0.0,True,activated
1488,184.0,16.0,0.09,1.76,1.67,1011.5,0.01,True,activated
1490,184.0,16.0,1.32,1.42,0.1,1497.5,1.31,False,non responder
1491,184.0,16.0,1.31,2.7,1.39,1300.5,0.62,False,non responder
1494,184.0,16.0,-0.94,1.46,2.41,1375.0,0.96,False,non responder
1495,184.0,16.0,0.78,-2.27,-3.06,2789.5,0.0,True,inhibited
1496,184.0,16.0,0.72,-2.24,-2.96,2792.0,0.0,True,inhibited
1497,184.0,16.0,0.24,-3.92,-4.16,2916.5,0.0,True,inhibited
1498,184.0,16.0,0.11,-0.28,-0.4,1848.5,0.12,False,non responder
1499,184.0,16.0,0.0,-2.72,-2.73,2870.5,0.0,True,inhibited
1500,184.0,16.0,2.8,7.82,5.02,308.0,0.0,True,activated
1501,184.0,16.0,0.18,-0.77,-0.95,2311.5,0.0,True,inhibited
1502,184.0,16.0,0.33,-0.61,-0.94,2339.0,0.0,True,inhibited
1504,184.0,16.0,-0.07,-2.96,-2.89,2885.5,0.0,True,inhibited
1505,184.0,16.0,0.1,-1.63,-1.74,2542.5,0.0,True,inhibited
1507,184.0,16.0,0.58,-1.92,-2.5,2814.5,0.0,True,inhibited
1509,184.0,16.0,0.28,-0.94,-1.22,2394.5,0.0,True,inhibited
1510,184.0,16.0,-0.48,-4.61,-4.13,2745.0,0.0,True,inhibited
1511,184.0,16.0,0.6,-1.32,-1.92,2518.0,0.0,True,inhibited
1512,184.0,16.0,0.7,-1.49,-2.19,2572.5,0.0,True,inhibited
1513,184.0,16.0,-0.06,-3.34,-3.27,2727.5,0.0,True,inhibited
1514,184.0,16.0,0.73,-2.58,-3.31,2847.5,0.0,True,inhibited
1515,184.0,16.0,0.23,-1.87,-2.1,2555.5,0.0,True,inhibited
1516,184.0,16.0,6.79,18.55,11.76,452.5,0.0,True,activated
1517,184.0,16.0,5.06,22.81,17.75,35.0,0.0,True,activated
1519,184.0,16.0,0.76,4.12,3.37,104.5,0.0,True,activated
1521,184.0,16.0,2.69,1.94,-0.75,1755.0,0.3,False,non responder
1522,184.0,16.0,4.03,13.75,9.72,90.5,0.0,True,activated
1523,184.0,16.0,0.18,2.39,2.21,403.5,0.0,True,activated
1525,184.0,16.0,2.6,13.11,10.51,72.0,0.0,True,activated
1526,184.0,16.0,-0.26,-0.04,0.22,1377.0,0.97,False,non responder
1529,184.0,16.0,0.26,-0.22,-0.47,1504.0,0.81,False,non responder
1530,184.0,16.0,0.2,-0.75,-0.95,2203.5,0.0,True,inhibited
1531,184.0,16.0,0.53,-0.62,-1.16,2274.0,0.0,True,inhibited
1532,184.0,16.0,0.39,-2.48,-2.86,2804.0,0.0,True,inhibited
1533,184.0,16.0,1.82,5.93,4.11,66.0,0.0,True,activated
1535,184.0,16.0,2.86,13.57,10.71,39.5,0.0,True,activated
1536,184.0,16.0,0.53,-0.93,-1.46,2344.0,0.0,True,inhibited
1537,184.0,16.0,3.0,26.15,23.14,8.5,0.0,True,activated
1538,184.0,16.0,5.87,24.85,18.98,58.5,0.0,True,activated
1540,184.0,16.0,-0.24,-3.0,-2.76,2759.0,0.0,True,inhibited
1541,184.0,16.0,0.29,-2.3,-2.59,2731.5,0.0,True,inhibited
1542,184.0,16.0,1.08,6.04,4.96,192.5,0.0,True,activated
1544,184.0,16.0,0.18,1.06,0.88,1036.5,0.07,False,non responder
1547,184.0,16.0,0.06,-0.72,-0.78,2160.0,0.0,True,inhibited
1548,184.0,16.0,0.2,1.26,1.06,995.5,0.03,True,activated
1550,184.0,16.0,-0.95,-0.09,0.86,1031.0,0.07,False,non responder
1551,184.0,16.0,1.1,10.59,9.49,17.0,0.0,True,activated
1554,184.0,16.0,2.85,0.74,-2.11,2091.0,0.01,True,inhibited
1556,184.0,16.0,0.1,-0.02,-0.12,1509.5,1.05,False,non responder
1557,184.0,16.0,-0.87,-1.17,-0.3,1775.0,0.24,False,non responder
1558,184.0,16.0,1.52,0.51,-1.01,1775.5,0.25,False,non responder
1559,184.0,16.0,1.06,2.29,1.23,1160.5,0.24,False,non responder
1560,184.0,16.0,0.35,0.54,0.19,1270.5,0.4,False,non responder
1562,184.0,16.0,0.84,-0.88,-1.72,2127.0,0.0,True,inhibited
1563,184.0,16.0,0.71,1.52,0.81,1048.5,0.08,False,non responder
1564,184.0,16.0,7.74,0.67,-7.08,2158.0,0.0,True,inhibited
1565,184.0,16.0,,,,,,False,non responder
1567,184.0,16.0,0.6,3.24,2.64,540.5,0.0,True,activated
1568,184.0,16.0,1.25,2.1,0.85,1215.0,0.18,False,non responder
1569,184.0,16.0,3.2,-0.81,-4.01,2338.5,0.0,True,inhibited
1570,184.0,16.0,2.05,-1.84,-3.89,2729.0,0.0,True,inhibited
1572,184.0,16.0,1.51,6.49,4.99,536.0,0.0,True,activated
1573,184.0,16.0,2.33,2.67,0.34,1613.0,0.55,False,non responder
1574,184.0,16.0,2.98,13.65,10.68,101.5,0.0,True,activated
1575,184.0,16.0,1.0,3.33,2.33,787.5,0.0,True,activated
1577,184.0,16.0,0.98,0.39,-0.58,1924.0,0.05,True,inhibited
1578,184.0,16.0,14.97,60.61,45.65,189.5,0.0,True,activated
1579,184.0,16.0,0.61,4.16,3.55,858.5,0.0,True,activated
1580,184.0,16.0,3.81,29.12,25.31,19.0,0.0,True,activated
1581,184.0,16.0,0.07,-2.21,-2.28,2033.5,0.01,True,inhibited
1582,184.0,16.0,0.33,-1.49,-1.82,2596.5,0.0,True,inhibited
1584,184.0,16.0,0.08,0.46,0.38,1530.0,0.8,False,non responder
1585,184.0,16.0,-0.58,-0.53,0.05,1422.0,0.81,False,non responder
1586,184.0,16.0,0.44,3.21,2.77,726.0,0.0,True,activated
1587,184.0,16.0,-0.98,-1.2,-0.22,1687.5,0.35,False,non responder
1588,184.0,16.0,0.4,-0.93,-1.34,2424.5,0.0,True,inhibited
1589,184.0,16.0,1.93,6.46,4.53,227.5,0.0,True,activated
1590,184.0,16.0,0.65,1.86,1.21,1262.5,0.36,False,non responder
1592,184.0,16.0,2.01,3.69,1.68,991.0,0.03,True,activated
1593,184.0,16.0,0.6,0.82,0.22,1606.0,0.57,False,non responder
1594,184.0,16.0,1.88,5.47,3.59,785.0,0.0,True,activated
1595,184.0,16.0,1.05,7.59,6.54,324.5,0.0,True,activated
1596,184.0,16.0,0.67,1.03,0.36,2085.5,0.01,True,activated
1598,184.0,16.0,1.14,1.49,0.35,1711.0,0.28,False,non responder
1600,184.0,16.0,-0.07,-0.46,-0.38,1891.5,0.07,False,non responder
1602,184.0,16.0,2.01,3.41,1.4,1033.5,0.07,False,non responder
1603,184.0,16.0,1.1,1.89,0.79,1444.5,0.91,False,non responder
1604,184.0,16.0,4.59,2.31,-2.28,1668.5,0.4,False,non responder
1605,184.0,16.0,3.47,10.93,7.46,570.5,0.0,True,activated
1606,184.0,16.0,3.18,16.2,13.01,80.5,0.0,True,activated
1609,184.0,16.0,0.07,-0.19,-0.26,1601.5,0.58,False,non responder
1610,184.0,16.0,-0.21,-0.95,-0.74,2130.5,0.0,True,inhibited
1611,184.0,16.0,0.44,-0.41,-0.84,2217.5,0.0,True,inhibited
2005,184.0,16.0,0.2,-0.72,-0.92,2213.0,0.0,True,inhibited
2009,184.0,16.0,0.29,-0.12,-0.41,1799.5,0.16,False,non responder
2010,184.0,16.0,0.42,-1.39,-1.8,2608.0,0.0,True,inhibited
2014,184.0,16.0,0.14,-0.26,-0.4,1802.5,0.15,False,non responder
2016,184.0,16.0,0.77,3.08,2.31,385.5,0.0,True,activated
2017,184.0,16.0,0.43,3.8,3.36,497.5,0.0,True,activated
2018,184.0,16.0,-0.18,-1.41,-1.23,2345.5,0.0,True,inhibited
2020,184.0,16.0,1.68,1.06,-0.63,1625.0,0.51,False,non responder
2022,184.0,16.0,0.64,-1.23,-1.87,2111.0,0.0,True,inhibited
2023,184.0,16.0,0.54,3.21,2.68,317.0,0.0,True,activated
2026,184.0,16.0,1.38,9.62,8.25,275.0,0.0,True,activated
2031,184.0,16.0,0.92,-1.86,-2.78,2826.5,0.0,True,inhibited
2034,184.0,16.0,1.8,5.97,4.17,314.5,0.0,True,activated
2035,184.0,16.0,1.97,1.96,-0.01,1533.0,0.8,False,non responder
2036,184.0,16.0,4.08,6.28,2.19,983.0,0.03,True,activated
2037,184.0,16.0,0.16,-2.7,-2.86,2768.5,0.0,True,inhibited
2038,184.0,16.0,0.15,-0.67,-0.82,2192.0,0.0,True,inhibited
2041,184.0,16.0,0.31,-0.67,-0.98,2308.5,0.0,True,inhibited
2047,184.0,16.0,0.17,0.16,-0.01,1540.0,0.72,False,non responder
2048,184.0,16.0,1.12,-2.67,-3.78,2852.0,0.0,True,inhibited
2049,184.0,16.0,0.01,-5.71,-5.72,2917.5,0.0,True,inhibited
2050,184.0,16.0,1.06,-0.61,-1.67,2253.0,0.0,True,inhibited
2052,184.0,16.0,0.23,-0.14,-0.37,1733.0,0.26,False,non responder
2055,184.0,16.0,0.11,-1.76,-1.88,2529.0,0.0,True,inhibited
2057,184.0,16.0,0.02,-0.14,-0.16,1574.5,0.67,False,non responder
2058,184.0,16.0,-0.18,1.4,1.58,821.0,0.0,True,activated
2059,184.0,16.0,0.16,-4.29,-4.44,2892.0,0.0,True,inhibited
2060,184.0,16.0,0.16,-2.3,-2.46,2901.0,0.0,True,inhibited
2061,184.0,16.0,0.12,-3.38,-3.51,2901.5,0.0,True,inhibited
2062,184.0,16.0,0.18,-1.16,-1.34,2414.0,0.0,True,inhibited
2065,184.0,16.0,-0.58,-2.93,-2.35,2708.0,0.0,True,inhibited
2066,184.0,16.0,0.62,-0.4,-1.02,2060.5,0.01,True,inhibited
2067,184.0,16.0,0.29,-0.21,-0.5,1896.5,0.06,False,non responder
2069,184.0,16.0,0.35,0.16,-0.2,1670.5,0.3,False,non responder
2072,184.0,16.0,0.13,0.59,0.47,1188.0,0.09,False,non responder
2073,184.0,16.0,0.64,1.13,0.49,1289.0,0.43,False,non responder
2074,184.0,16.0,0.43,-3.12,-3.55,2927.0,0.0,True,inhibited
2075,184.0,16.0,0.1,-4.27,-4.36,2897.0,0.0,True,inhibited
2076,184.0,16.0,-0.04,-3.76,-3.72,2859.5,0.0,True,inhibited
2077,184.0,16.0,-0.21,-0.8,-0.59,1882.5,0.07,False,non responder
2078,184.0,16.0,0.18,3.79,3.6,609.5,0.0,True,activated
2079,184.0,16.0,-0.75,1.15,1.9,1127.5,0.14,False,non responder
2081,184.0,16.0,-0.43,9.98,10.41,41.5,0.0,True,activated
2082,184.0,16.0,0.26,1.92,1.66,647.0,0.0,True,activated
2083,184.0,16.0,0.04,1.95,1.91,437.0,0.0,True,activated
2084,184.0,16.0,1.03,45.85,44.82,3.0,0.0,True,activated
2087,184.0,16.0,0.44,0.69,0.25,1385.0,0.7,False,non responder
2091,184.0,16.0,-0.13,8.72,8.85,153.5,0.0,True,activated
2099,184.0,16.0,0.1,18.69,18.6,195.5,0.0,True,activated
2101,184.0,16.0,0.77,1.1,0.33,1254.5,0.35,False,non responder
2102,184.0,16.0,0.32,2.95,2.63,274.0,0.0,True,activated
2103,184.0,16.0,0.74,0.96,0.22,1342.5,0.58,False,non responder
2104,184.0,16.0,3.76,19.25,15.49,38.0,0.0,True,activated
2107,184.0,16.0,0.31,0.87,0.56,1212.0,0.26,False,non responder
2108,184.0,16.0,0.24,1.8,1.56,543.5,0.0,True,activated
2111,184.0,16.0,3.19,11.21,8.02,22.0,0.0,True,activated
2112,184.0,16.0,-0.06,1.12,1.18,742.5,0.0,True,activated
2120,184.0,16.0,0.03,7.27,7.23,94.0,0.0,True,activated
2125,184.0,16.0,-0.57,-1.54,-0.97,2118.5,0.0,True,inhibited
2126,184.0,16.0,-1.36,-0.11,1.24,916.0,0.01,True,activated
2127,184.0,16.0,-0.26,1.13,1.38,475.5,0.0,True,activated
2128,184.0,16.0,0.28,3.83,3.55,134.5,0.0,True,activated
2130,184.0,16.0,1.1,5.73,4.63,130.0,0.0,True,activated
2135,184.0,16.0,-0.15,-2.81,-2.66,2910.5,0.0,True,inhibited
2136,184.0,16.0,0.39,0.07,-0.33,1698.0,0.27,False,non responder
2137,184.0,16.0,0.36,-0.38,-0.73,2120.0,0.0,True,inhibited
2138,184.0,16.0,0.34,0.65,0.31,1276.0,0.4,False,non responder
2139,184.0,16.0,0.34,0.53,0.19,1637.0,0.46,False,non responder
2144,184.0,16.0,0.43,-1.5,-1.92,2735.0,0.0,True,inhibited
2147,184.0,16.0,0.77,0.0,-0.77,2019.5,0.02,True,inhibited
2152,184.0,16.0,0.02,-0.45,-0.48,1977.0,0.03,True,inhibited
2155,184.0,16.0,0.09,0.16,0.07,1478.5,0.98,False,non responder
2162,184.0,16.0,0.17,-2.79,-2.95,2888.5,0.0,True,inhibited
2165,184.0,16.0,0.33,0.89,0.55,990.5,0.03,True,activated
2166,184.0,16.0,-0.03,0.36,0.4,1317.0,0.51,False,non responder
2173,184.0,16.0,0.37,0.84,0.46,1263.0,0.35,False,non responder
2174,184.0,16.0,0.18,0.36,0.18,1561.5,0.7,False,non responder
2176,184.0,16.0,-0.29,-2.5,-2.21,2836.0,0.0,True,inhibited
2177,184.0,16.0,0.21,-1.4,-1.61,2487.5,0.0,True,inhibited
2178,184.0,16.0,0.63,3.66,3.03,452.0,0.0,True,activated
2181,184.0,16.0,0.32,0.54,0.22,1221.0,0.26,False,non responder
2183,184.0,16.0,0.12,-0.13,-0.25,1454.5,0.94,False,non responder
2184,184.0,16.0,0.53,0.82,0.29,1399.5,0.74,False,non responder
2185,184.0,16.0,0.4,-1.28,-1.68,2595.5,0.0,True,inhibited
2186,184.0,16.0,0.9,-1.36,-2.26,2560.5,0.0,True,inhibited
2187,184.0,16.0,0.19,-0.0,-0.19,1665.5,0.39,False,non responder
2188,184.0,16.0,0.05,-1.58,-1.63,2560.5,0.0,True,inhibited
2189,184.0,16.0,0.46,-0.04,-0.5,1848.0,0.1,False,non responder
2191,184.0,16.0,0.31,1.43,1.12,1246.5,0.33,False,non responder
2192,184.0,16.0,-0.02,-1.41,-1.39,2188.5,0.0,True,inhibited
2193,184.0,16.0,0.04,-0.07,-0.12,1753.0,0.22,False,non responder
2198,184.0,16.0,0.01,-0.29,-0.31,1815.5,0.14,False,non responder
2200,184.0,16.0,-0.02,-0.82,-0.8,2235.0,0.0,True,inhibited
2202,184.0,16.0,0.62,-0.87,-1.49,2103.5,0.01,True,inhibited
2208,184.0,16.0,-0.2,-1.9,-1.7,2836.0,0.0,True,inhibited
2211,184.0,16.0,0.0,-1.73,-1.73,2567.5,0.0,True,inhibited
2212,184.0,16.0,0.2,-0.68,-0.88,2166.5,0.0,True,inhibited
2213,184.0,16.0,-0.09,-1.26,-1.18,2448.5,0.0,True,inhibited
2214,184.0,16.0,0.01,-2.54,-2.55,2854.5,0.0,True,inhibited
2217,184.0,16.0,-0.1,-1.0,-0.9,2351.5,0.0,True,inhibited
2220,184.0,16.0,0.2,-0.3,-0.49,1974.5,0.03,True,inhibited
2222,184.0,16.0,0.21,-1.92,-2.13,2827.5,0.0,True,inhibited
2225,184.0,16.0,-0.23,-2.78,-2.55,2893.5,0.0,True,inhibited
2233,184.0,16.0,0.42,-3.42,-3.85,2901.5,0.0,True,inhibited
2235,184.0,16.0,0.4,0.35,-0.05,1131.0,0.14,False,non responder
2236,184.0,16.0,0.31,1.81,1.5,592.5,0.0,True,activated
2241,184.0,16.0,0.03,0.91,0.88,941.5,0.02,True,activated
2242,184.0,16.0,-0.16,0.72,0.89,929.5,0.02,True,activated
2243,184.0,16.0,0.14,0.67,0.53,1176.0,0.11,False,non responder
2244,184.0,16.0,0.31,3.12,2.82,177.0,0.0,True,activated
2246,184.0,16.0,-0.32,-0.12,0.2,1327.0,0.54,False,non responder
2247,184.0,16.0,0.37,1.47,1.1,844.5,0.01,True,activated
2248,184.0,16.0,1.5,5.21,3.71,393.5,0.0,True,activated
2249,184.0,16.0,-0.08,-0.53,-0.44,1884.5,0.07,False,non responder
2250,184.0,16.0,0.25,3.14,2.9,263.5,0.0,True,activated
2251,184.0,16.0,0.37,0.73,0.37,1199.0,0.24,False,non responder
2252,184.0,16.0,0.16,0.15,-0.01,1736.5,0.25,False,non responder
2260,184.0,16.0,0.17,0.91,0.74,1075.0,0.08,False,non responder
2266,184.0,16.0,0.1,-0.14,-0.25,1760.0,0.21,False,non responder
2270,184.0,16.0,2.57,6.96,4.39,288.5,0.0,True,activated
2271,184.0,16.0,0.75,4.54,3.79,346.0,0.0,True,activated
2278,184.0,16.0,-0.33,1.27,1.6,383.5,0.0,True,activated
2279,184.0,16.0,0.56,8.04,7.48,81.0,0.0,True,activated
2280,184.0,16.0,0.23,1.45,1.23,742.5,0.0,True,activated
2281,184.0,16.0,0.25,-0.1,-0.35,1624.0,0.5,False,non responder
2282,184.0,16.0,0.35,1.82,1.46,589.0,0.0,True,activated
2283,184.0,16.0,-0.09,-2.23,-2.15,2618.0,0.0,True,inhibited
2284,184.0,16.0,0.14,1.0,0.86,848.0,0.01,True,activated
2285,184.0,16.0,-0.46,-3.82,-3.36,2931.0,0.0,True,inhibited
2287,184.0,16.0,0.34,-2.3,-2.64,2798.0,0.0,True,inhibited
