A,B,mean(A),mean(B),diff,se,T,p-tukey,hedges,neuron_id,diff_inv,p_adj,sig,div_inv,response,session_name,neuron_type
1Pre,3Post,-0.0,-0.55,0.55,0.05,10.84,0.0,0.63,1069,-0.55,0.0,True,-0.55,inhibited,hamilton_01,SIR
1Pre,3Post,-0.0,0.04,-0.04,0.06,-0.77,0.72,-0.04,1070,0.04,0.78,False,0.04,non responder,hamilton_01,SIR
1Pre,3Post,-0.0,0.43,-0.43,0.08,-5.49,0.0,-0.32,1071,0.43,0.0,True,0.43,activated,hamilton_01,FF
1Pre,3Post,0.0,-2.13,2.13,0.07,30.07,0.0,1.74,1072,-2.13,0.0,True,-2.13,inhibited,hamilton_01,FF
1Pre,3Post,0.0,-1.67,1.67,0.06,29.97,0.0,1.73,1074,-1.67,0.0,True,-1.67,inhibited,hamilton_01,SIR
1Pre,3Post,-0.0,-1.49,1.49,0.04,37.73,0.0,2.18,1075,-1.49,0.0,True,-1.49,inhibited,hamilton_01,SR
1Pre,3Post,0.0,2.82,-2.82,0.08,-34.78,0.0,-2.01,1076,2.82,0.0,True,2.82,activated,hamilton_01,SIR
1Pre,3Post,0.0,-0.41,0.41,0.05,7.68,0.0,0.44,1078,-0.41,0.0,True,-0.41,inhibited,hamilton_01,SR
1Pre,3Post,-0.0,-1.04,1.04,0.03,29.78,0.0,1.72,1079,-1.04,0.0,True,-1.04,inhibited,hamilton_01,SIR
1Pre,3Post,0.0,2.36,-2.36,0.1,-23.91,0.0,-1.38,1082,2.36,0.0,True,2.36,activated,hamilton_01,SIR
1Pre,3Post,0.0,-0.66,0.66,0.04,14.71,0.0,0.85,1084,-0.66,0.0,True,-0.66,inhibited,hamilton_01,SIR
1Pre,3Post,0.0,0.36,-0.36,0.05,-6.99,0.0,-0.4,1085,0.36,0.0,False,0.36,non responder,hamilton_01,SR
1Pre,3Post,-0.0,-1.05,1.05,0.05,21.77,0.0,1.26,1087,-1.05,0.0,True,-1.05,inhibited,hamilton_01,SIR
1Pre,3Post,0.0,0.86,-0.86,0.06,-13.77,0.0,-0.79,1088,0.86,0.0,True,0.86,activated,hamilton_02,SIR
1Pre,3Post,0.0,0.02,-0.02,0.07,-0.31,0.95,-0.02,1093,0.02,0.98,False,0.02,non responder,hamilton_02,SIR
1Pre,3Post,-0.0,1.8,-1.8,0.07,-24.86,0.0,-1.43,1094,1.8,0.0,True,1.8,activated,hamilton_02,SIR
1Pre,3Post,-0.0,10.73,-10.73,0.17,-61.44,0.0,-3.55,1095,10.73,0.0,True,10.73,activated,hamilton_02,SR
1Pre,3Post,-0.0,1.12,-1.12,0.07,-16.95,0.0,-0.98,1098,1.12,0.0,True,1.12,activated,hamilton_02,SIR
1Pre,3Post,-0.0,-0.75,0.75,0.06,12.44,0.0,0.72,1100,-0.75,0.0,True,-0.75,inhibited,hamilton_02,SR
1Pre,3Post,-0.0,5.46,-5.46,0.09,-62.0,0.0,-3.58,1102,5.46,0.0,True,5.46,activated,hamilton_02,SIR
1Pre,3Post,-0.0,-0.53,0.53,0.06,9.09,0.0,0.52,1105,-0.53,0.0,True,-0.53,inhibited,hamilton_02,SIR
1Pre,3Post,0.0,3.04,-3.04,0.08,-36.42,0.0,-2.1,1106,3.04,0.0,True,3.04,activated,hamilton_02,SR
1Pre,3Post,0.0,1.96,-1.96,0.08,-23.28,0.0,-1.34,1107,1.96,0.0,True,1.96,activated,hamilton_02,SR
1Pre,3Post,-0.0,1.43,-1.43,0.06,-25.23,0.0,-1.46,1111,1.43,0.0,True,1.43,activated,hamilton_02,SR
1Pre,3Post,-0.0,-2.3,2.3,0.04,60.58,0.0,3.5,1114,-2.3,0.0,True,-2.3,inhibited,hamilton_12,FF
1Pre,3Post,0.0,1.43,-1.43,0.06,-24.44,0.0,-1.41,1116,1.43,0.0,True,1.43,activated,hamilton_12,SR
1Pre,3Post,0.0,0.36,-0.36,0.06,-5.7,0.0,-0.33,1119,0.36,0.0,False,0.36,non responder,hamilton_12,SIR
1Pre,3Post,0.0,-0.25,0.25,0.06,4.51,0.0,0.26,1121,-0.25,0.0,False,-0.25,non responder,hamilton_12,SR
1Pre,3Post,0.0,-0.8,0.8,0.06,12.68,0.0,0.73,1123,-0.8,0.0,True,-0.8,inhibited,hamilton_12,FF
1Pre,3Post,-0.0,-0.74,0.74,0.05,15.29,0.0,0.88,1124,-0.74,0.0,True,-0.74,inhibited,hamilton_12,SIR
1Pre,3Post,0.0,-0.04,0.04,0.08,0.5,0.87,0.03,1127,-0.04,0.91,False,-0.04,non responder,hamilton_12,SR
1Pre,3Post,-0.0,-0.19,0.19,0.04,5.25,0.0,0.3,1129,-0.19,0.0,False,-0.19,non responder,hamilton_12,SR
1Pre,3Post,-0.0,-0.55,0.55,0.05,10.56,0.0,0.61,1131,-0.55,0.0,True,-0.55,inhibited,hamilton_12,SIR
1Pre,3Post,0.0,-1.04,1.04,0.04,26.2,0.0,1.51,1136,-1.04,0.0,True,-1.04,inhibited,hamilton_12,SR
1Pre,3Post,-0.0,0.11,-0.11,0.06,-1.71,0.2,-0.1,1137,0.11,0.24,False,0.11,non responder,hamilton_12,SIR
1Pre,3Post,0.0,-0.3,0.3,0.05,5.77,0.0,0.33,1138,-0.3,0.0,False,-0.3,non responder,hamilton_12,SIR
1Pre,3Post,-0.0,-0.38,0.38,0.06,6.34,0.0,0.37,1139,-0.38,0.0,False,-0.38,non responder,hamilton_12,SIR
1Pre,3Post,-0.0,1.03,-1.03,0.07,-15.49,0.0,-0.89,1140,1.03,0.0,True,1.03,activated,hamilton_12,SIR
1Pre,3Post,-0.0,0.48,-0.48,0.06,-8.31,0.0,-0.48,1143,0.48,0.0,True,0.48,activated,hamilton_13,SR
1Pre,3Post,0.0,-2.65,2.65,0.06,44.82,0.0,2.59,1144,-2.65,0.0,True,-2.65,inhibited,hamilton_13,FF
1Pre,3Post,-0.0,-1.64,1.64,0.04,37.59,0.0,2.17,1145,-1.64,0.0,True,-1.64,inhibited,hamilton_13,SIR
1Pre,3Post,0.0,0.3,-0.3,0.07,-4.57,0.0,-0.26,1146,0.3,0.0,False,0.3,non responder,hamilton_13,FF
1Pre,3Post,0.0,3.3,-3.3,0.07,-48.4,0.0,-2.79,1148,3.3,0.0,True,3.3,activated,hamilton_13,SR
1Pre,3Post,-0.0,-4.86,4.86,0.05,98.13,0.0,5.66,1149,-4.86,0.0,True,-4.86,inhibited,hamilton_13,FF
1Pre,3Post,-0.0,-2.26,2.26,0.04,54.12,0.0,3.12,1150,-2.26,0.0,True,-2.26,inhibited,hamilton_13,FF
1Pre,3Post,-0.0,0.24,-0.24,0.1,-2.37,0.05,-0.14,1151,0.24,0.06,False,0.24,non responder,hamilton_13,SR
1Pre,3Post,-0.0,0.51,-0.51,0.09,-5.38,0.0,-0.31,1152,0.51,0.0,True,0.51,activated,hamilton_13,SR
1Pre,3Post,0.0,-0.86,0.86,0.04,24.12,0.0,1.39,1153,-0.86,0.0,True,-0.86,inhibited,hamilton_13,SR
1Pre,3Post,-0.0,-1.25,1.25,0.06,21.04,0.0,1.21,1154,-1.25,0.0,True,-1.25,inhibited,hamilton_13,SR
1Pre,3Post,0.0,0.21,-0.21,0.07,-2.89,0.01,-0.17,1157,0.21,0.01,False,0.21,non responder,hamilton_13,SR
1Pre,3Post,-0.0,1.65,-1.65,0.15,-10.7,0.0,-0.62,1159,1.65,0.0,True,1.65,activated,hamilton_13,SIR
1Pre,3Post,0.0,-0.94,0.94,0.06,15.6,0.0,0.9,1166,-0.94,0.0,True,-0.94,inhibited,hamilton_14,SR
1Pre,3Post,-0.0,-0.57,0.57,0.05,11.96,0.0,0.69,1168,-0.57,0.0,True,-0.57,inhibited,hamilton_14,SIR
1Pre,3Post,-0.0,0.08,-0.08,0.06,-1.22,0.44,-0.07,1173,0.08,0.49,False,0.08,non responder,hamilton_14,SR
1Pre,3Post,-0.0,-0.1,0.1,0.07,1.52,0.28,0.09,1175,-0.1,0.32,False,-0.1,non responder,hamilton_14,SR
1Pre,3Post,0.0,0.23,-0.23,0.06,-3.78,0.0,-0.22,1176,0.23,0.0,False,0.23,non responder,hamilton_05,SR
1Pre,3Post,-0.0,1.43,-1.43,0.4,-3.54,0.0,-0.2,1177,1.43,0.0,True,1.43,activated,hamilton_05,SIR
1Pre,3Post,0.0,-0.1,0.1,0.06,1.66,0.22,0.1,1178,-0.1,0.26,False,-0.1,non responder,hamilton_05,SR
1Pre,3Post,-0.0,-0.04,0.04,0.07,0.51,0.87,0.03,1179,-0.04,0.91,False,-0.04,non responder,hamilton_05,SIR
1Pre,3Post,0.0,0.63,-0.63,0.07,-8.87,0.0,-0.51,1180,0.63,0.0,True,0.63,activated,hamilton_05,SIR
1Pre,3Post,-0.0,0.09,-0.09,0.05,-1.72,0.2,-0.1,1181,0.09,0.23,False,0.09,non responder,hamilton_05,SIR
1Pre,3Post,0.0,-1.3,1.3,0.04,31.49,0.0,1.82,1182,-1.3,0.0,True,-1.3,inhibited,hamilton_05,SR
1Pre,3Post,-0.0,-0.72,0.72,0.05,13.12,0.0,0.76,1183,-0.72,0.0,True,-0.72,inhibited,hamilton_05,SR
1Pre,3Post,0.0,0.28,-0.28,0.06,-4.87,0.0,-0.28,1184,0.28,0.0,False,0.28,non responder,hamilton_17,SR
1Pre,3Post,-0.0,0.22,-0.22,0.05,-4.1,0.0,-0.24,1186,0.22,0.0,False,0.22,non responder,hamilton_17,SR
1Pre,3Post,-0.0,-0.19,0.19,0.06,3.3,0.0,0.19,1187,-0.19,0.0,False,-0.19,non responder,hamilton_17,SIR
1Pre,3Post,0.0,-0.73,0.73,0.05,13.74,0.0,0.79,1190,-0.73,0.0,True,-0.73,inhibited,hamilton_17,SIR
1Pre,3Post,0.0,0.25,-0.25,0.07,-3.78,0.0,-0.22,1191,0.25,0.0,False,0.25,non responder,hamilton_17,SIR
1Pre,3Post,-0.0,-0.27,0.27,0.05,5.07,0.0,0.29,1192,-0.27,0.0,False,-0.27,non responder,hamilton_17,SIR
1Pre,3Post,-0.0,-1.46,1.46,0.06,23.2,0.0,1.34,1193,-1.46,0.0,True,-1.46,inhibited,hamilton_17,SR
1Pre,3Post,-0.0,-0.39,0.39,0.06,7.04,0.0,0.41,1194,-0.39,0.0,False,-0.39,non responder,hamilton_17,SIR
1Pre,3Post,0.0,0.23,-0.23,0.06,-4.24,0.0,-0.24,1195,0.23,0.0,False,0.23,non responder,hamilton_17,SIR
1Pre,3Post,-0.0,-0.83,0.83,0.04,19.19,0.0,1.11,1196,-0.83,0.0,True,-0.83,inhibited,hamilton_17,SIR
1Pre,3Post,0.0,-0.05,0.05,0.05,0.98,0.59,0.06,1197,-0.05,0.65,False,-0.05,non responder,hamilton_17,SIR
1Pre,3Post,-0.0,-0.26,0.26,0.05,5.71,0.0,0.33,1198,-0.26,0.0,False,-0.26,non responder,hamilton_17,SIR
1Pre,3Post,0.0,-0.01,0.01,0.06,0.19,0.98,0.01,1201,-0.01,0.99,False,-0.01,non responder,hamilton_17,SR
1Pre,3Post,-0.0,0.16,-0.16,0.06,-2.85,0.01,-0.16,1202,0.16,0.02,False,0.16,non responder,hamilton_17,SIR
1Pre,3Post,-0.0,-0.45,0.45,0.05,9.53,0.0,0.55,1203,-0.45,0.0,True,-0.45,inhibited,hamilton_17,SIR
1Pre,3Post,0.0,1.14,-1.14,0.07,-16.01,0.0,-0.92,1204,1.14,0.0,True,1.14,activated,hamilton_17,SR
1Pre,3Post,-0.0,0.13,-0.13,0.08,-1.61,0.24,-0.09,1205,0.13,0.28,False,0.13,non responder,hamilton_17,SR
1Pre,3Post,0.0,-0.19,0.19,0.05,4.06,0.0,0.23,1208,-0.19,0.0,False,-0.19,non responder,hamilton_17,SIR
1Pre,3Post,0.0,-0.28,0.28,0.05,5.58,0.0,0.32,1209,-0.28,0.0,False,-0.28,non responder,hamilton_17,SIR
1Pre,3Post,0.0,-0.56,0.56,0.05,12.21,0.0,0.7,1210,-0.56,0.0,True,-0.56,inhibited,hamilton_17,SIR
1Pre,3Post,-0.0,1.35,-1.35,0.07,-18.83,0.0,-1.09,1211,1.35,0.0,True,1.35,activated,hamilton_17,SR
1Pre,3Post,-0.0,1.26,-1.26,0.12,-10.3,0.0,-0.59,1212,1.26,0.0,True,1.26,activated,hamilton_17,SIR
1Pre,3Post,-0.0,0.55,-0.55,0.07,-8.39,0.0,-0.48,1214,0.55,0.0,True,0.55,activated,hamilton_17,SR
1Pre,3Post,-0.0,-0.44,0.44,0.07,6.71,0.0,0.39,1215,-0.44,0.0,True,-0.44,inhibited,hamilton_17,SIR
1Pre,3Post,0.0,1.12,-1.12,0.09,-13.14,0.0,-0.76,1216,1.12,0.0,True,1.12,activated,hamilton_17,SIR
1Pre,3Post,-0.0,0.16,-0.16,0.1,-1.59,0.25,-0.09,1219,0.16,0.29,False,0.16,non responder,hamilton_17,SR
1Pre,3Post,0.0,-0.75,0.75,0.07,10.32,0.0,0.6,1220,-0.75,0.0,True,-0.75,inhibited,hamilton_18,SIR
1Pre,3Post,-0.0,-0.24,0.24,0.07,3.53,0.0,0.2,1221,-0.24,0.0,False,-0.24,non responder,hamilton_18,SR
1Pre,3Post,0.0,2.43,-2.43,0.07,-34.03,0.0,-1.96,1222,2.43,0.0,True,2.43,activated,hamilton_18,SR
1Pre,3Post,0.0,-1.55,1.55,0.06,24.56,0.0,1.42,1224,-1.55,0.0,True,-1.55,inhibited,hamilton_18,SR
1Pre,3Post,-0.0,-0.44,0.44,0.05,8.72,0.0,0.5,1226,-0.44,0.0,True,-0.44,inhibited,hamilton_18,SIR
1Pre,3Post,-0.0,0.08,-0.08,0.08,-1.04,0.55,-0.06,1227,0.08,0.61,False,0.08,non responder,hamilton_18,FF
1Pre,3Post,-0.0,0.69,-0.69,0.08,-8.58,0.0,-0.5,1229,0.69,0.0,True,0.69,activated,hamilton_18,FF
1Pre,3Post,0.0,-0.46,0.46,0.1,4.64,0.0,0.27,1230,-0.46,0.0,True,-0.46,inhibited,hamilton_18,FF
1Pre,3Post,-0.0,0.61,-0.61,0.11,-5.41,0.0,-0.31,1231,0.61,0.0,True,0.61,activated,hamilton_18,SR
1Pre,3Post,-0.0,-1.42,1.42,0.05,27.8,0.0,1.6,1232,-1.42,0.0,True,-1.42,inhibited,hamilton_18,SR
1Pre,3Post,0.0,0.83,-0.83,0.08,-10.42,0.0,-0.6,1233,0.83,0.0,True,0.83,activated,hamilton_18,SR
1Pre,3Post,0.0,-0.19,0.19,0.07,2.84,0.01,0.16,1234,-0.19,0.02,False,-0.19,non responder,hamilton_18,SR
1Pre,3Post,-0.0,-0.4,0.4,0.07,5.67,0.0,0.33,1235,-0.4,0.0,False,-0.4,non responder,hamilton_18,SR
1Pre,3Post,-0.0,0.23,-0.23,0.06,-3.93,0.0,-0.23,1236,0.23,0.0,False,0.23,non responder,hamilton_18,SIR
1Pre,3Post,0.0,0.69,-0.69,0.07,-9.98,0.0,-0.58,1237,0.69,0.0,True,0.69,activated,hamilton_18,SR
1Pre,3Post,0.0,-0.46,0.46,0.07,6.31,0.0,0.36,1238,-0.46,0.0,True,-0.46,inhibited,hamilton_18,FF
1Pre,3Post,0.0,-0.3,0.3,0.07,4.23,0.0,0.24,1240,-0.3,0.0,False,-0.3,non responder,hamilton_18,SIR
1Pre,3Post,-0.0,-1.68,1.68,0.06,27.77,0.0,1.6,1241,-1.68,0.0,True,-1.68,inhibited,hamilton_18,SR
1Pre,3Post,-0.0,-0.21,0.21,0.09,2.24,0.06,0.13,1242,-0.21,0.08,False,-0.21,non responder,hamilton_18,SR
1Pre,3Post,0.0,-0.21,0.21,0.07,3.13,0.01,0.18,1244,-0.21,0.01,False,-0.21,non responder,hamilton_18,SIR
1Pre,3Post,-0.0,1.87,-1.87,0.22,-8.36,0.0,-0.48,1245,1.87,0.0,True,1.87,activated,hamilton_18,SIR
1Pre,3Post,-0.0,-0.42,0.42,0.05,8.87,0.0,0.51,1250,-0.42,0.0,True,-0.42,inhibited,hamilton_23,SIR
1Pre,3Post,0.0,-0.02,0.02,0.06,0.36,0.93,0.02,1255,-0.02,0.97,False,-0.02,non responder,hamilton_23,SR
1Pre,3Post,-0.0,0.71,-0.71,0.06,-11.95,0.0,-0.69,1261,0.71,0.0,True,0.71,activated,hamilton_23,SR
1Pre,3Post,0.0,0.48,-0.48,0.07,-6.78,0.0,-0.39,1263,0.48,0.0,True,0.48,activated,hamilton_23,SIR
1Pre,3Post,-0.0,0.05,-0.05,0.07,-0.7,0.77,-0.04,1264,0.05,0.82,False,0.05,non responder,hamilton_23,SR
1Pre,3Post,0.0,-0.12,0.12,0.06,2.09,0.09,0.12,1265,-0.12,0.11,False,-0.12,non responder,hamilton_23,SIR
1Pre,3Post,-0.0,0.74,-0.74,0.07,-10.6,0.0,-0.61,1266,0.74,0.0,True,0.74,activated,hamilton_23,SIR
1Pre,3Post,0.0,0.67,-0.67,0.06,-11.68,0.0,-0.67,1267,0.67,0.0,True,0.67,activated,hamilton_23,SR
1Pre,3Post,-0.0,0.88,-0.88,0.06,-15.88,0.0,-0.92,1269,0.88,0.0,True,0.88,activated,hamilton_23,SR
1Pre,3Post,0.0,0.33,-0.33,0.06,-5.57,0.0,-0.32,1270,0.33,0.0,False,0.33,non responder,hamilton_23,SR
1Pre,3Post,-0.0,1.37,-1.37,0.06,-24.55,0.0,-1.42,1272,1.37,0.0,True,1.37,activated,hamilton_23,SIR
1Pre,3Post,0.0,-0.08,0.08,0.05,1.66,0.22,0.1,1273,-0.08,0.26,False,-0.08,non responder,hamilton_23,SIR
1Pre,3Post,0.0,-0.02,0.02,0.06,0.34,0.94,0.02,1274,-0.02,0.97,False,-0.02,non responder,hamilton_23,SR
1Pre,3Post,-0.0,0.68,-0.68,0.08,-7.99,0.0,-0.46,1276,0.68,0.0,True,0.68,activated,hamilton_23,SR
1Pre,3Post,-0.0,0.76,-0.76,0.06,-13.89,0.0,-0.8,1277,0.76,0.0,True,0.76,activated,hamilton_23,SIR
1Pre,3Post,0.0,0.6,-0.6,0.06,-10.45,0.0,-0.6,1280,0.6,0.0,True,0.6,activated,hamilton_23,SIR
1Pre,3Post,0.0,0.14,-0.14,0.05,-2.83,0.01,-0.16,1281,0.14,0.02,False,0.14,non responder,hamilton_23,SIR
1Pre,3Post,-0.0,-0.26,0.26,0.06,4.18,0.0,0.24,1283,-0.26,0.0,False,-0.26,non responder,hamilton_23,SIR
1Pre,3Post,0.0,-0.04,0.04,0.06,0.76,0.73,0.04,1284,-0.04,0.78,False,-0.04,non responder,hamilton_23,SR
1Pre,3Post,-0.0,-2.28,2.28,0.04,62.29,0.0,3.6,1285,-2.28,0.0,True,-2.28,inhibited,hamilton_23,SR
1Pre,3Post,-0.0,0.21,-0.21,0.06,-3.24,0.0,-0.19,1287,0.21,0.0,False,0.21,non responder,hamilton_23,SIR
1Pre,3Post,-0.0,-0.06,0.06,0.07,0.81,0.7,0.05,1289,-0.06,0.76,False,-0.06,non responder,hamilton_23,SR
1Pre,3Post,0.0,-0.11,0.11,0.08,1.41,0.34,0.08,1291,-0.11,0.38,False,-0.11,non responder,hamilton_23,SIR
1Pre,3Post,0.0,0.04,-0.04,0.07,-0.6,0.82,-0.03,1292,0.04,0.87,False,0.04,non responder,hamilton_23,SR
1Pre,3Post,0.0,1.61,-1.61,0.05,-29.79,0.0,-1.72,1294,1.61,0.0,True,1.61,activated,hamilton_23,SIR
1Pre,3Post,-0.0,-0.14,0.14,0.06,2.14,0.08,0.12,1299,-0.14,0.1,False,-0.14,non responder,hamilton_23,SIR
1Pre,3Post,0.0,-0.15,0.15,0.06,2.45,0.04,0.14,1301,-0.15,0.05,False,-0.15,non responder,hamilton_23,SR
1Pre,3Post,0.0,-0.52,0.52,0.05,9.61,0.0,0.55,1302,-0.52,0.0,True,-0.52,inhibited,hamilton_23,SIR
1Pre,3Post,-0.0,-0.61,0.61,0.05,12.29,0.0,0.71,1303,-0.61,0.0,True,-0.61,inhibited,hamilton_23,SIR
1Pre,3Post,0.0,-0.06,0.06,0.06,0.9,0.64,0.05,1305,-0.06,0.7,False,-0.06,non responder,hamilton_23,SIR
1Pre,3Post,0.0,0.47,-0.47,0.04,-11.04,0.0,-0.64,1312,0.47,0.0,True,0.47,activated,hamilton_23,SR
1Pre,3Post,0.0,-0.34,0.34,0.05,7.56,0.0,0.44,1314,-0.34,0.0,False,-0.34,non responder,hamilton_23,SIR
1Pre,3Post,-0.0,0.63,-0.63,0.05,-11.87,0.0,-0.69,1315,0.63,0.0,True,0.63,activated,hamilton_23,SR
1Pre,3Post,-0.0,0.01,-0.01,0.06,-0.12,0.99,-0.01,1316,0.01,1.0,False,0.01,non responder,hamilton_23,SR
1Pre,3Post,-0.0,-0.44,0.44,0.07,6.57,0.0,0.38,1317,-0.44,0.0,True,-0.44,inhibited,hamilton_23,SR
1Pre,3Post,-0.0,-0.11,0.11,0.07,1.59,0.25,0.09,1318,-0.11,0.29,False,-0.11,non responder,hamilton_23,SIR
1Pre,3Post,0.0,0.15,-0.15,0.07,-2.12,0.09,-0.12,1319,0.15,0.11,False,0.15,non responder,hamilton_23,SIR
1Pre,3Post,-0.0,0.5,-0.5,0.06,-7.84,0.0,-0.45,1320,0.5,0.0,True,0.5,activated,hamilton_23,SR
1Pre,3Post,0.0,0.08,-0.08,0.05,-1.43,0.32,-0.08,1321,0.08,0.37,False,0.08,non responder,hamilton_23,SR
1Pre,3Post,-0.0,-0.49,0.49,0.05,9.25,0.0,0.53,1322,-0.49,0.0,True,-0.49,inhibited,hamilton_23,SR
1Pre,3Post,0.0,-0.31,0.31,0.06,5.0,0.0,0.29,1329,-0.31,0.0,False,-0.31,non responder,hamilton_23,SR
1Pre,3Post,-0.0,2.39,-2.39,0.06,-42.36,0.0,-2.45,1330,2.39,0.0,True,2.39,activated,hamilton_23,FF
1Pre,3Post,0.0,0.72,-0.72,0.06,-11.7,0.0,-0.68,1331,0.72,0.0,True,0.72,activated,hamilton_23,SR
1Pre,3Post,0.0,-0.46,0.46,0.05,8.35,0.0,0.48,1332,-0.46,0.0,True,-0.46,inhibited,hamilton_23,SR
1Pre,3Post,0.0,-0.38,0.38,0.05,7.43,0.0,0.43,1333,-0.38,0.0,False,-0.38,non responder,hamilton_23,SIR
1Pre,3Post,-0.0,-0.13,0.13,0.06,2.16,0.08,0.12,1334,-0.13,0.1,False,-0.13,non responder,hamilton_23,SR
1Pre,3Post,-0.0,-0.33,0.33,0.05,6.31,0.0,0.36,1336,-0.33,0.0,False,-0.33,non responder,hamilton_23,SR
1Pre,3Post,0.0,0.59,-0.59,0.05,-12.18,0.0,-0.7,1338,0.59,0.0,True,0.59,activated,hamilton_23,FF
1Pre,3Post,-0.0,0.3,-0.3,0.07,-4.42,0.0,-0.25,1339,0.3,0.0,False,0.3,non responder,hamilton_23,SIR
1Pre,3Post,0.0,0.38,-0.38,0.06,-6.05,0.0,-0.35,1341,0.38,0.0,False,0.38,non responder,hamilton_23,SR
1Pre,3Post,0.0,-0.35,0.35,0.06,6.18,0.0,0.36,1342,-0.35,0.0,False,-0.35,non responder,hamilton_23,SIR
1Pre,3Post,-0.0,-0.13,0.13,0.06,2.04,0.1,0.12,1343,-0.13,0.12,False,-0.13,non responder,hamilton_23,SIR
1Pre,3Post,0.0,-0.54,0.54,0.04,13.37,0.0,0.77,1345,-0.54,0.0,True,-0.54,inhibited,hamilton_23,SIR
1Pre,3Post,-0.0,0.13,-0.13,0.05,-2.58,0.03,-0.15,1347,0.13,0.04,False,0.13,non responder,hamilton_23,SIR
1Pre,3Post,0.0,0.17,-0.17,0.07,-2.37,0.05,-0.14,1349,0.17,0.06,False,0.17,non responder,hamilton_23,SR
1Pre,3Post,0.0,1.54,-1.54,0.06,-24.13,0.0,-1.39,1350,1.54,0.0,True,1.54,activated,hamilton_07,SIR
1Pre,3Post,-0.0,-0.69,0.69,0.04,19.27,0.0,1.11,1353,-0.69,0.0,True,-0.69,inhibited,hamilton_07,SIR
1Pre,3Post,0.0,5.59,-5.59,0.1,-56.71,0.0,-3.27,1354,5.59,0.0,True,5.59,activated,hamilton_07,SIR
1Pre,3Post,0.0,0.7,-0.7,0.06,-12.44,0.0,-0.72,1356,0.7,0.0,True,0.7,activated,hamilton_07,SR
1Pre,3Post,-0.0,-0.24,0.24,0.04,6.2,0.0,0.36,1357,-0.24,0.0,False,-0.24,non responder,hamilton_07,SR
1Pre,3Post,0.0,5.4,-5.4,0.16,-32.94,0.0,-1.9,1361,5.4,0.0,True,5.4,activated,hamilton_07,SR
1Pre,3Post,0.0,-0.28,0.28,0.05,5.57,0.0,0.32,1363,-0.28,0.0,False,-0.28,non responder,hamilton_07,SR
1Pre,3Post,-0.0,0.3,-0.3,0.12,-2.63,0.02,-0.15,1364,0.3,0.03,False,0.3,non responder,hamilton_07,SR
1Pre,3Post,-0.0,-0.65,0.65,0.07,9.84,0.0,0.57,1366,-0.65,0.0,True,-0.65,inhibited,hamilton_07,SR
1Pre,3Post,0.0,-0.3,0.3,0.04,7.15,0.0,0.41,1367,-0.3,0.0,False,-0.3,non responder,hamilton_07,SR
1Pre,3Post,-0.0,2.57,-2.57,0.19,-13.75,0.0,-0.79,1368,2.57,0.0,True,2.57,activated,hamilton_07,SIR
1Pre,3Post,-0.0,-1.4,1.4,0.06,23.03,0.0,1.33,1369,-1.4,0.0,True,-1.4,inhibited,hamilton_07,FF
1Pre,3Post,0.0,-0.29,0.29,0.07,3.99,0.0,0.23,1370,-0.29,0.0,False,-0.29,non responder,hamilton_07,SIR
1Pre,3Post,0.0,-1.05,1.05,0.03,31.23,0.0,1.8,1371,-1.05,0.0,True,-1.05,inhibited,hamilton_07,SR
1Pre,3Post,-0.0,-1.07,1.07,0.05,20.43,0.0,1.18,1373,-1.07,0.0,True,-1.07,inhibited,hamilton_07,SR
1Pre,3Post,0.0,0.94,-0.94,0.08,-12.41,0.0,-0.72,1378,0.94,0.0,True,0.94,activated,hamilton_07,SR
1Pre,3Post,0.0,0.42,-0.42,0.06,-6.77,0.0,-0.39,1379,0.42,0.0,True,0.42,activated,hamilton_07,SR
1Pre,3Post,0.0,1.59,-1.59,0.07,-23.95,0.0,-1.38,1380,1.59,0.0,True,1.59,activated,hamilton_07,SIR
1Pre,3Post,-0.0,0.18,-0.18,0.09,-2.08,0.09,-0.12,1383,0.18,0.11,False,0.18,non responder,hamilton_07,FF
1Pre,3Post,0.0,-2.23,2.23,0.09,25.13,0.0,1.45,1384,-2.23,0.0,True,-2.23,inhibited,hamilton_07,FF
1Pre,3Post,-0.0,1.39,-1.39,0.09,-15.51,0.0,-0.9,1385,1.39,0.0,True,1.39,activated,hamilton_07,SR
1Pre,3Post,-0.0,0.09,-0.09,0.05,-1.73,0.19,-0.1,1386,0.09,0.23,False,0.09,non responder,hamilton_07,FF
1Pre,3Post,0.0,1.15,-1.15,0.06,-17.73,0.0,-1.02,1387,1.15,0.0,True,1.15,activated,hamilton_07,SIR
1Pre,3Post,-0.0,-1.15,1.15,0.04,26.37,0.0,1.52,1389,-1.15,0.0,True,-1.15,inhibited,hamilton_07,SR
1Pre,3Post,0.0,-1.12,1.12,0.03,33.39,0.0,1.93,1391,-1.12,0.0,True,-1.12,inhibited,hamilton_07,SR
1Pre,3Post,-0.0,-1.98,1.98,0.03,59.08,0.0,3.41,1392,-1.98,0.0,True,-1.98,inhibited,hamilton_07,SIR
1Pre,3Post,0.0,0.51,-0.51,0.07,-7.4,0.0,-0.43,1394,0.51,0.0,True,0.51,activated,hamilton_07,SR
1Pre,3Post,0.0,-0.5,0.5,0.04,13.84,0.0,0.8,1395,-0.5,0.0,True,-0.5,inhibited,hamilton_07,SR
1Pre,3Post,0.0,-1.8,1.8,0.05,37.48,0.0,2.16,1398,-1.8,0.0,True,-1.8,inhibited,hamilton_07,FF
1Pre,3Post,-0.0,-0.76,0.76,0.04,16.87,0.0,0.97,1401,-0.76,0.0,True,-0.76,inhibited,hamilton_07,SIR
1Pre,3Post,-0.0,-1.66,1.66,0.04,40.01,0.0,2.31,1405,-1.66,0.0,True,-1.66,inhibited,hamilton_07,SR
1Pre,3Post,0.0,-1.2,1.2,0.04,27.08,0.0,1.56,1406,-1.2,0.0,True,-1.2,inhibited,hamilton_07,SR
1Pre,3Post,-0.0,0.04,-0.04,0.17,-0.24,0.97,-0.01,1407,0.04,0.99,False,0.04,non responder,hamilton_07,SIR
1Pre,3Post,0.0,5.8,-5.8,0.16,-36.05,0.0,-2.08,1410,5.8,0.0,True,5.8,activated,hamilton_07,SIR
1Pre,3Post,-0.0,0.14,-0.14,0.07,-1.97,0.12,-0.11,1412,0.14,0.14,False,0.14,non responder,hamilton_07,SR
1Pre,3Post,-0.0,0.2,-0.2,0.05,-3.67,0.0,-0.21,1413,0.2,0.0,False,0.2,non responder,hamilton_07,SR
1Pre,3Post,0.0,0.2,-0.2,0.06,-3.43,0.0,-0.2,1414,0.2,0.0,False,0.2,non responder,hamilton_08,SR
1Pre,3Post,0.0,-0.37,0.37,0.05,6.99,0.0,0.4,1416,-0.37,0.0,False,-0.37,non responder,hamilton_08,SR
1Pre,3Post,-0.0,0.11,-0.11,0.08,-1.39,0.35,-0.08,1417,0.11,0.39,False,0.11,non responder,hamilton_08,SIR
1Pre,3Post,-0.0,-0.29,0.29,0.05,5.42,0.0,0.31,1426,-0.29,0.0,False,-0.29,non responder,hamilton_08,SIR
1Pre,3Post,-0.0,0.37,-0.37,0.06,-6.27,0.0,-0.36,1434,0.37,0.0,False,0.37,non responder,hamilton_08,SIR
1Pre,3Post,0.0,-0.35,0.35,0.07,4.89,0.0,0.28,1435,-0.35,0.0,False,-0.35,non responder,hamilton_08,SR
1Pre,3Post,0.0,0.84,-0.84,0.05,-15.87,0.0,-0.92,1437,0.84,0.0,True,0.84,activated,hamilton_08,SR
1Pre,3Post,-0.0,-0.08,0.08,0.06,1.19,0.46,0.07,1438,-0.08,0.51,False,-0.08,non responder,hamilton_08,SIR
1Pre,3Post,-0.0,0.79,-0.79,0.05,-16.34,0.0,-0.94,1439,0.79,0.0,True,0.79,activated,hamilton_08,SIR
1Pre,3Post,-0.0,-0.65,0.65,0.03,18.93,0.0,1.09,1440,-0.65,0.0,True,-0.65,inhibited,hamilton_08,SIR
1Pre,3Post,0.0,0.78,-0.78,0.07,-10.89,0.0,-0.63,1441,0.78,0.0,True,0.78,activated,hamilton_08,SIR
1Pre,3Post,0.0,-1.15,1.15,0.06,18.4,0.0,1.06,1442,-1.15,0.0,True,-1.15,inhibited,hamilton_08,SR
1Pre,3Post,0.0,0.25,-0.25,0.07,-3.69,0.0,-0.21,1443,0.25,0.0,False,0.25,non responder,hamilton_08,SR
1Pre,3Post,-0.0,0.63,-0.63,0.08,-8.21,0.0,-0.47,1445,0.63,0.0,True,0.63,activated,hamilton_08,SR
1Pre,3Post,-0.0,0.49,-0.49,0.05,-9.32,0.0,-0.54,1446,0.49,0.0,True,0.49,activated,hamilton_08,SIR
1Pre,3Post,0.0,-0.34,0.34,0.06,6.07,0.0,0.35,1447,-0.34,0.0,False,-0.34,non responder,hamilton_08,SR
1Pre,3Post,-0.0,0.04,-0.04,0.07,-0.56,0.84,-0.03,1448,0.04,0.89,False,0.04,non responder,hamilton_08,SIR
1Pre,3Post,0.0,1.99,-1.99,0.1,-19.59,0.0,-1.13,1452,1.99,0.0,True,1.99,activated,hamilton_08,SIR
1Pre,3Post,-0.0,1.52,-1.52,0.1,-15.81,0.0,-0.91,1455,1.52,0.0,True,1.52,activated,hamilton_08,SIR
1Pre,3Post,0.0,-0.34,0.34,0.11,3.09,0.01,0.18,1458,-0.34,0.01,False,-0.34,non responder,hamilton_08,SIR
1Pre,3Post,0.0,-0.82,0.82,0.04,18.66,0.0,1.08,1459,-0.82,0.0,True,-0.82,inhibited,hamilton_08,SIR
1Pre,3Post,0.0,-0.57,0.57,0.07,7.89,0.0,0.46,1460,-0.57,0.0,True,-0.57,inhibited,hamilton_08,SIR
1Pre,3Post,-0.0,-0.55,0.55,0.05,11.11,0.0,0.64,1461,-0.55,0.0,True,-0.55,inhibited,hamilton_08,FF
1Pre,3Post,-0.0,-0.01,0.01,0.07,0.1,0.99,0.01,1463,-0.01,1.0,False,-0.01,non responder,hamilton_08,SIR
1Pre,3Post,0.0,-1.22,1.22,0.06,21.63,0.0,1.25,1465,-1.22,0.0,True,-1.22,inhibited,hamilton_08,SIR
1Pre,3Post,-0.0,-0.29,0.29,0.04,7.11,0.0,0.41,1467,-0.29,0.0,False,-0.29,non responder,hamilton_08,SIR
1Pre,3Post,0.0,0.67,-0.67,0.05,-14.56,0.0,-0.84,1469,0.67,0.0,True,0.67,activated,hamilton_08,SIR
1Pre,3Post,0.0,0.2,-0.2,0.06,-3.26,0.0,-0.19,1470,0.2,0.0,False,0.2,non responder,hamilton_08,SR
1Pre,3Post,0.0,-0.1,0.1,0.07,1.37,0.36,0.08,1471,-0.1,0.4,False,-0.1,non responder,hamilton_08,SR
1Pre,3Post,-0.0,0.35,-0.35,0.07,-4.94,0.0,-0.29,1474,0.35,0.0,False,0.35,non responder,hamilton_08,SR
1Pre,3Post,-0.0,-0.1,0.1,0.06,1.62,0.24,0.09,1475,-0.1,0.28,False,-0.1,non responder,hamilton_08,SR
1Pre,3Post,-0.0,0.83,-0.83,0.07,-12.38,0.0,-0.71,1479,0.83,0.0,True,0.83,activated,hamilton_08,SIR
1Pre,3Post,-0.0,0.29,-0.29,0.06,-4.81,0.0,-0.28,1480,0.29,0.0,False,0.29,non responder,hamilton_08,SIR
1Pre,3Post,-0.0,0.4,-0.4,0.06,-6.5,0.0,-0.38,1481,0.4,0.0,True,0.4,activated,hamilton_08,SIR
1Pre,3Post,0.0,0.68,-0.68,0.05,-13.63,0.0,-0.79,1482,0.68,0.0,True,0.68,activated,hamilton_08,SR
1Pre,3Post,0.0,-0.31,0.31,0.05,6.19,0.0,0.36,1483,-0.31,0.0,False,-0.31,non responder,hamilton_08,SIR
1Pre,3Post,0.0,1.27,-1.27,0.05,-26.46,0.0,-1.53,1484,1.27,0.0,True,1.27,activated,hamilton_08,SIR
1Pre,3Post,0.0,0.11,-0.11,0.06,-1.86,0.15,-0.11,1485,0.11,0.18,False,0.11,non responder,hamilton_08,SIR
1Pre,3Post,-0.0,0.04,-0.04,0.07,-0.61,0.81,-0.04,1486,0.04,0.86,False,0.04,non responder,hamilton_08,SR
1Pre,3Post,0.0,0.03,-0.03,0.07,-0.51,0.87,-0.03,1487,0.03,0.91,False,0.03,non responder,hamilton_08,SIR
1Pre,3Post,-0.0,-0.47,0.47,0.04,12.85,0.0,0.74,1488,-0.47,0.0,True,-0.47,inhibited,hamilton_08,SIR
1Pre,3Post,-0.0,0.22,-0.22,0.07,-3.19,0.0,-0.18,1490,0.22,0.01,False,0.22,non responder,hamilton_08,SR
1Pre,3Post,0.0,0.25,-0.25,0.06,-4.51,0.0,-0.26,1491,0.25,0.0,False,0.25,non responder,hamilton_08,SIR
1Pre,3Post,-0.0,0.44,-0.44,0.07,-6.0,0.0,-0.35,1494,0.44,0.0,True,0.44,activated,hamilton_19,SR
1Pre,3Post,-0.0,-0.12,0.12,0.05,2.19,0.07,0.13,1495,-0.12,0.09,False,-0.12,non responder,hamilton_19,SR
1Pre,3Post,-0.0,-0.12,0.12,0.05,2.2,0.07,0.13,1496,-0.12,0.09,False,-0.12,non responder,hamilton_19,SR
1Pre,3Post,-0.0,-0.43,0.43,0.07,6.03,0.0,0.35,1497,-0.43,0.0,True,-0.43,inhibited,hamilton_19,SR
1Pre,3Post,-0.0,1.22,-1.22,0.04,-27.53,0.0,-1.59,1498,1.22,0.0,True,1.22,activated,hamilton_19,SIR
1Pre,3Post,0.0,-0.49,0.49,0.05,9.01,0.0,0.52,1499,-0.49,0.0,True,-0.49,inhibited,hamilton_19,SR
1Pre,3Post,-0.0,-1.33,1.33,0.07,19.96,0.0,1.15,1500,-1.33,0.0,True,-1.33,inhibited,hamilton_19,SR
1Pre,3Post,0.0,-0.17,0.17,0.07,2.26,0.06,0.13,1501,-0.17,0.08,False,-0.17,non responder,hamilton_19,SR
1Pre,3Post,0.0,0.11,-0.11,0.05,-2.24,0.06,-0.13,1502,0.11,0.08,False,0.11,non responder,hamilton_19,SR
1Pre,3Post,0.0,-0.11,0.11,0.06,1.8,0.17,0.1,1504,-0.11,0.2,False,-0.11,non responder,hamilton_19,FF
1Pre,3Post,-0.0,0.32,-0.32,0.06,-5.11,0.0,-0.3,1505,0.32,0.0,False,0.32,non responder,hamilton_19,SR
1Pre,3Post,-0.0,-0.58,0.58,0.05,11.86,0.0,0.68,1507,-0.58,0.0,True,-0.58,inhibited,hamilton_19,SR
1Pre,3Post,0.0,-0.27,0.27,0.19,1.45,0.32,0.08,1509,-0.27,0.36,False,-0.27,non responder,hamilton_19,SR
1Pre,3Post,0.0,0.08,-0.08,0.07,-1.27,0.41,-0.07,1510,0.08,0.46,False,0.08,non responder,hamilton_19,FF
1Pre,3Post,0.0,-1.22,1.22,0.04,29.94,0.0,1.73,1511,-1.22,0.0,True,-1.22,inhibited,hamilton_19,SR
1Pre,3Post,0.0,-0.45,0.45,0.08,5.33,0.0,0.31,1512,-0.45,0.0,True,-0.45,inhibited,hamilton_19,SR
1Pre,3Post,-0.0,-0.94,0.94,0.05,20.62,0.0,1.19,1513,-0.94,0.0,True,-0.94,inhibited,hamilton_19,SR
1Pre,3Post,-0.0,0.85,-0.85,0.06,-14.39,0.0,-0.83,1514,0.85,0.0,True,0.85,activated,hamilton_19,SR
1Pre,3Post,-0.0,1.03,-1.03,0.05,-21.81,0.0,-1.26,1515,1.03,0.0,True,1.03,activated,hamilton_19,SR
1Pre,3Post,-0.0,-0.22,0.22,0.08,2.86,0.01,0.17,1516,-0.22,0.02,False,-0.22,non responder,hamilton_19,SIR
1Pre,3Post,-0.0,0.02,-0.02,0.06,-0.24,0.97,-0.01,1517,0.02,0.99,False,0.02,non responder,hamilton_19,SIR
1Pre,3Post,-0.0,-0.83,0.83,0.06,13.5,0.0,0.78,1519,-0.83,0.0,True,-0.83,inhibited,hamilton_19,SIR
1Pre,3Post,0.0,-0.24,0.24,0.1,2.48,0.04,0.14,1521,-0.24,0.05,False,-0.24,non responder,hamilton_19,SIR
1Pre,3Post,-0.0,-0.22,0.22,0.09,2.36,0.05,0.14,1522,-0.22,0.06,False,-0.22,non responder,hamilton_19,SIR
1Pre,3Post,-0.0,-0.74,0.74,0.06,12.92,0.0,0.75,1523,-0.74,0.0,True,-0.74,inhibited,hamilton_19,SR
1Pre,3Post,0.0,-0.21,0.21,0.05,3.84,0.0,0.22,1525,-0.21,0.0,False,-0.21,non responder,hamilton_19,SIR
1Pre,3Post,-0.0,0.81,-0.81,0.06,-13.56,0.0,-0.78,1526,0.81,0.0,True,0.81,activated,hamilton_19,FF
1Pre,3Post,0.0,1.85,-1.85,0.05,-37.14,0.0,-2.14,1529,1.85,0.0,True,1.85,activated,hamilton_19,SR
1Pre,3Post,-0.0,0.46,-0.46,0.05,-9.54,0.0,-0.55,1530,0.46,0.0,True,0.46,activated,hamilton_19,SR
1Pre,3Post,0.0,1.02,-1.02,0.05,-21.77,0.0,-1.26,1531,1.02,0.0,True,1.02,activated,hamilton_19,SR
1Pre,3Post,-0.0,0.05,-0.05,0.07,-0.76,0.73,-0.04,1532,0.05,0.78,False,0.05,non responder,hamilton_19,SR
1Pre,3Post,0.0,-1.07,1.07,0.08,14.08,0.0,0.81,1533,-1.07,0.0,True,-1.07,inhibited,hamilton_19,FF
1Pre,3Post,-0.0,0.27,-0.27,0.05,-5.0,0.0,-0.29,1535,0.27,0.0,False,0.27,non responder,hamilton_19,SIR
1Pre,3Post,-0.0,-0.07,0.07,0.05,1.24,0.43,0.07,1536,-0.07,0.48,False,-0.07,non responder,hamilton_19,FF
1Pre,3Post,0.0,-0.39,0.39,0.04,9.33,0.0,0.54,1537,-0.39,0.0,False,-0.39,non responder,hamilton_19,SIR
1Pre,3Post,0.0,-0.24,0.24,0.06,3.73,0.0,0.22,1538,-0.24,0.0,False,-0.24,non responder,hamilton_19,SIR
1Pre,3Post,0.0,4.85,-4.85,0.09,-55.34,0.0,-3.19,1540,4.85,0.0,True,4.85,activated,hamilton_19,SR
1Pre,3Post,-0.0,-0.82,0.82,0.07,12.36,0.0,0.71,1541,-0.82,0.0,True,-0.82,inhibited,hamilton_19,SR
1Pre,3Post,-0.0,0.14,-0.14,0.08,-1.87,0.15,-0.11,1542,0.14,0.18,False,0.14,non responder,hamilton_19,SIR
1Pre,3Post,-0.0,0.38,-0.38,0.06,-6.37,0.0,-0.37,1544,0.38,0.0,False,0.38,non responder,hamilton_19,SIR
1Pre,3Post,-0.0,-0.4,0.4,0.05,8.22,0.0,0.47,1547,-0.4,0.0,False,-0.4,non responder,hamilton_19,SR
1Pre,3Post,0.0,-0.16,0.16,0.09,1.8,0.17,0.1,1548,-0.16,0.2,False,-0.16,non responder,hamilton_19,SIR
1Pre,3Post,-0.0,0.71,-0.71,0.05,-13.6,0.0,-0.78,1550,0.71,0.0,True,0.71,activated,hamilton_19,FF
1Pre,3Post,-0.0,-0.47,0.47,0.05,9.4,0.0,0.54,1551,-0.47,0.0,True,-0.47,inhibited,hamilton_19,FF
1Pre,3Post,0.0,-0.5,0.5,0.06,7.94,0.0,0.46,1554,-0.5,0.0,True,-0.5,inhibited,hamilton_20,SR
1Pre,3Post,0.0,0.04,-0.04,0.05,-0.79,0.71,-0.05,1556,0.04,0.77,False,0.04,non responder,hamilton_20,SR
1Pre,3Post,-0.0,0.35,-0.35,0.06,-5.75,0.0,-0.33,1557,0.35,0.0,False,0.35,non responder,hamilton_20,SR
1Pre,3Post,0.0,0.57,-0.57,0.07,-8.5,0.0,-0.49,1558,0.57,0.0,True,0.57,activated,hamilton_20,SIR
1Pre,3Post,0.0,0.11,-0.11,0.08,-1.42,0.33,-0.08,1559,0.11,0.37,False,0.11,non responder,hamilton_20,SR
1Pre,3Post,0.0,1.24,-1.24,0.04,-27.99,0.0,-1.62,1560,1.24,0.0,True,1.24,activated,hamilton_20,SR
1Pre,3Post,0.0,0.27,-0.27,0.09,-3.06,0.01,-0.18,1562,0.27,0.01,False,0.27,non responder,hamilton_20,SR
1Pre,3Post,0.0,-0.34,0.34,0.05,6.47,0.0,0.37,1563,-0.34,0.0,False,-0.34,non responder,hamilton_20,SIR
1Pre,3Post,0.0,0.4,-0.4,0.05,-7.59,0.0,-0.44,1564,0.4,0.0,False,0.4,non responder,hamilton_20,SR
1Pre,3Post,0.0,1.19,-1.19,0.05,-22.09,0.0,-1.28,1565,1.19,0.0,True,1.19,activated,hamilton_20,SR
1Pre,3Post,0.0,-0.38,0.38,0.05,7.85,0.0,0.45,1567,-0.38,0.0,False,-0.38,non responder,hamilton_20,SIR
1Pre,3Post,0.0,-0.62,0.62,0.04,15.3,0.0,0.88,1568,-0.62,0.0,True,-0.62,inhibited,hamilton_20,SIR
1Pre,3Post,0.0,-0.07,0.07,0.08,0.9,0.64,0.05,1569,-0.07,0.7,False,-0.07,non responder,hamilton_20,SIR
1Pre,3Post,-0.0,3.47,-3.47,0.1,-33.37,0.0,-1.93,1570,3.47,0.0,True,3.47,activated,hamilton_20,SR
1Pre,3Post,-0.0,-0.32,0.32,0.07,4.36,0.0,0.25,1572,-0.32,0.0,False,-0.32,non responder,hamilton_20,SR
1Pre,3Post,-0.0,-0.03,0.03,0.06,0.42,0.91,0.02,1573,-0.03,0.95,False,-0.03,non responder,hamilton_20,SR
1Pre,3Post,-0.0,-0.15,0.15,0.07,2.09,0.09,0.12,1574,-0.15,0.11,False,-0.15,non responder,hamilton_20,SR
1Pre,3Post,-0.0,-0.23,0.23,0.06,3.61,0.0,0.21,1575,-0.23,0.0,False,-0.23,non responder,hamilton_20,SR
1Pre,3Post,0.0,-0.29,0.29,0.06,5.02,0.0,0.29,1577,-0.29,0.0,False,-0.29,non responder,hamilton_20,SR
1Pre,3Post,-0.0,0.03,-0.03,0.08,-0.41,0.91,-0.02,1578,0.03,0.95,False,0.03,non responder,hamilton_20,SIR
1Pre,3Post,0.0,-0.39,0.39,0.05,8.41,0.0,0.49,1579,-0.39,0.0,False,-0.39,non responder,hamilton_20,SIR
1Pre,3Post,0.0,0.1,-0.1,0.12,-0.87,0.66,-0.05,1580,0.1,0.72,False,0.1,non responder,hamilton_20,SIR
1Pre,3Post,0.0,0.89,-0.89,0.07,-13.26,0.0,-0.77,1581,0.89,0.0,True,0.89,activated,hamilton_20,SR
1Pre,3Post,0.0,-0.82,0.82,0.06,12.7,0.0,0.73,1582,-0.82,0.0,True,-0.82,inhibited,hamilton_20,SR
1Pre,3Post,-0.0,0.56,-0.56,0.05,-10.59,0.0,-0.61,1584,0.56,0.0,True,0.56,activated,hamilton_20,SIR
1Pre,3Post,0.0,0.46,-0.46,0.05,-8.49,0.0,-0.49,1585,0.46,0.0,True,0.46,activated,hamilton_20,SR
1Pre,3Post,-0.0,-0.31,0.31,0.04,7.09,0.0,0.41,1586,-0.31,0.0,False,-0.31,non responder,hamilton_20,SIR
1Pre,3Post,-0.0,19.96,-19.96,0.25,-79.35,0.0,-4.58,1587,19.96,0.0,True,19.96,activated,hamilton_20,SIR
1Pre,3Post,0.0,0.13,-0.13,0.06,-2.23,0.07,-0.13,1588,0.13,0.08,False,0.13,non responder,hamilton_20,SR
1Pre,3Post,0.0,0.45,-0.45,0.07,-6.52,0.0,-0.38,1589,0.45,0.0,True,0.45,activated,hamilton_20,SIR
1Pre,3Post,-0.0,0.28,-0.28,0.06,-4.54,0.0,-0.26,1590,0.28,0.0,False,0.28,non responder,hamilton_20,SR
1Pre,3Post,-0.0,0.36,-0.36,0.08,-4.46,0.0,-0.26,1592,0.36,0.0,False,0.36,non responder,hamilton_20,SIR
1Pre,3Post,-0.0,-0.47,0.47,0.05,9.88,0.0,0.57,1593,-0.47,0.0,True,-0.47,inhibited,hamilton_20,SR
1Pre,3Post,0.0,-0.61,0.61,0.06,10.48,0.0,0.6,1594,-0.61,0.0,True,-0.61,inhibited,hamilton_20,SIR
1Pre,3Post,0.0,-0.5,0.5,0.05,10.32,0.0,0.6,1595,-0.5,0.0,True,-0.5,inhibited,hamilton_20,SIR
1Pre,3Post,0.0,-0.09,0.09,0.06,1.44,0.32,0.08,1596,-0.09,0.37,False,-0.09,non responder,hamilton_20,SR
1Pre,3Post,0.0,0.27,-0.27,0.06,-4.73,0.0,-0.27,1598,0.27,0.0,False,0.27,non responder,hamilton_20,SR
1Pre,3Post,-0.0,0.23,-0.23,0.06,-3.83,0.0,-0.22,1600,0.23,0.0,False,0.23,non responder,hamilton_20,SIR
1Pre,3Post,0.0,-0.69,0.69,0.06,10.89,0.0,0.63,1602,-0.69,0.0,True,-0.69,inhibited,hamilton_20,SR
1Pre,3Post,0.0,-0.72,0.72,0.06,12.55,0.0,0.72,1603,-0.72,0.0,True,-0.72,inhibited,hamilton_20,SR
1Pre,3Post,-0.0,-0.35,0.35,0.06,5.97,0.0,0.34,1604,-0.35,0.0,False,-0.35,non responder,hamilton_20,SIR
1Pre,3Post,0.0,-0.1,0.1,0.07,1.37,0.36,0.08,1605,-0.1,0.4,False,-0.1,non responder,hamilton_20,SIR
1Pre,3Post,0.0,0.18,-0.18,0.09,-2.07,0.1,-0.12,1606,0.18,0.12,False,0.18,non responder,hamilton_20,SIR
1Pre,3Post,0.0,-0.01,0.01,0.08,0.14,0.99,0.01,1609,-0.01,1.0,False,-0.01,non responder,hamilton_20,SR
1Pre,3Post,-0.0,-1.46,1.46,0.04,32.74,0.0,1.89,1610,-1.46,0.0,True,-1.46,inhibited,hamilton_20,SIR
1Pre,3Post,-0.0,0.0,-0.0,0.12,-0.0,1.0,-0.0,1611,0.0,1.0,False,0.0,non responder,hamilton_20,SR
1Pre,3Post,0.0,-1.21,1.21,0.06,21.91,0.0,1.26,2005,-1.21,0.0,True,-1.21,inhibited,hamilton_25,SR
1Pre,3Post,-0.0,-0.83,0.83,0.06,14.32,0.0,0.83,2009,-0.83,0.0,True,-0.83,inhibited,hamilton_25,SR
1Pre,3Post,0.0,-1.05,1.05,0.06,18.04,0.0,1.04,2010,-1.05,0.0,True,-1.05,inhibited,hamilton_25,SR
1Pre,3Post,0.0,-0.33,0.33,0.06,5.61,0.0,0.32,2014,-0.33,0.0,False,-0.33,non responder,hamilton_25,SR
1Pre,3Post,-0.0,-0.88,0.88,0.05,16.82,0.0,0.97,2016,-0.88,0.0,True,-0.88,inhibited,hamilton_25,FF
1Pre,3Post,-0.0,-1.19,1.19,0.06,20.52,0.0,1.18,2017,-1.19,0.0,True,-1.19,inhibited,hamilton_25,SIR
1Pre,3Post,0.0,-0.85,0.85,0.04,19.08,0.0,1.1,2018,-0.85,0.0,True,-0.85,inhibited,hamilton_25,SIR
1Pre,3Post,-0.0,-0.6,0.6,0.05,11.56,0.0,0.67,2020,-0.6,0.0,True,-0.6,inhibited,hamilton_25,FF
1Pre,3Post,0.0,-0.27,0.27,0.05,5.4,0.0,0.31,2022,-0.27,0.0,False,-0.27,non responder,hamilton_25,FF
1Pre,3Post,-0.0,-0.35,0.35,0.06,5.86,0.0,0.34,2023,-0.35,0.0,False,-0.35,non responder,hamilton_25,SIR
1Pre,3Post,0.0,-0.32,0.32,0.05,6.25,0.0,0.36,2026,-0.32,0.0,False,-0.32,non responder,hamilton_25,SIR
1Pre,3Post,0.0,-2.19,2.19,0.05,42.78,0.0,2.47,2031,-2.19,0.0,True,-2.19,inhibited,hamilton_25,SIR
1Pre,3Post,-0.0,-0.36,0.36,0.05,6.75,0.0,0.39,2034,-0.36,0.0,False,-0.36,non responder,hamilton_25,SIR
1Pre,3Post,0.0,-0.25,0.25,0.05,4.71,0.0,0.27,2035,-0.25,0.0,False,-0.25,non responder,hamilton_25,SIR
1Pre,3Post,0.0,-0.15,0.15,0.06,2.46,0.04,0.14,2036,-0.15,0.05,False,-0.15,non responder,hamilton_25,SIR
1Pre,3Post,-0.0,-0.7,0.7,0.06,11.01,0.0,0.64,2037,-0.7,0.0,True,-0.7,inhibited,hamilton_25,SR
1Pre,3Post,0.0,-0.99,0.99,0.06,16.2,0.0,0.94,2038,-0.99,0.0,True,-0.99,inhibited,hamilton_25,SR
1Pre,3Post,-0.0,-0.36,0.36,0.05,7.46,0.0,0.43,2041,-0.36,0.0,False,-0.36,non responder,hamilton_26,SIR
1Pre,3Post,0.0,-1.18,1.18,0.04,33.02,0.0,1.91,2047,-1.18,0.0,True,-1.18,inhibited,hamilton_26,SR
1Pre,3Post,-0.0,0.97,-0.97,0.07,-14.88,0.0,-0.86,2048,0.97,0.0,True,0.97,activated,hamilton_26,SR
1Pre,3Post,-0.0,0.04,-0.04,0.07,-0.67,0.78,-0.04,2049,0.04,0.83,False,0.04,non responder,hamilton_26,FF
1Pre,3Post,-0.0,0.33,-0.33,0.05,-7.06,0.0,-0.41,2050,0.33,0.0,False,0.33,non responder,hamilton_26,SR
1Pre,3Post,0.0,0.1,-0.1,0.06,-1.82,0.16,-0.1,2052,0.1,0.2,False,0.1,non responder,hamilton_26,SR
1Pre,3Post,0.0,-0.1,0.1,0.05,2.0,0.11,0.12,2055,-0.1,0.14,False,-0.1,non responder,hamilton_26,SR
1Pre,3Post,-0.0,1.57,-1.57,0.07,-21.92,0.0,-1.27,2057,1.57,0.0,True,1.57,activated,hamilton_26,SR
1Pre,3Post,-0.0,0.34,-0.34,0.07,-4.76,0.0,-0.27,2058,0.34,0.0,False,0.34,non responder,hamilton_26,SR
1Pre,3Post,-0.0,0.02,-0.02,0.07,-0.24,0.97,-0.01,2059,0.02,0.99,False,0.02,non responder,hamilton_26,SR
1Pre,3Post,-0.0,0.24,-0.24,0.1,-2.44,0.04,-0.14,2060,0.24,0.05,False,0.24,non responder,hamilton_26,SR
1Pre,3Post,0.0,-0.06,0.06,0.07,0.86,0.67,0.05,2061,-0.06,0.73,False,-0.06,non responder,hamilton_26,SR
1Pre,3Post,0.0,-0.6,0.6,0.06,10.16,0.0,0.59,2062,-0.6,0.0,True,-0.6,inhibited,hamilton_26,SIR
1Pre,3Post,-0.0,-0.03,0.03,0.05,0.62,0.81,0.04,2065,-0.03,0.86,False,-0.03,non responder,hamilton_26,SR
1Pre,3Post,-0.0,-0.66,0.66,0.07,9.68,0.0,0.56,2066,-0.66,0.0,True,-0.66,inhibited,hamilton_26,SR
1Pre,3Post,0.0,-0.12,0.12,0.06,2.15,0.08,0.12,2067,-0.12,0.1,False,-0.12,non responder,hamilton_26,SIR
1Pre,3Post,0.0,-0.46,0.46,0.04,11.35,0.0,0.66,2069,-0.46,0.0,True,-0.46,inhibited,hamilton_26,SIR
1Pre,3Post,-0.0,-0.35,0.35,0.04,8.24,0.0,0.48,2072,-0.35,0.0,False,-0.35,non responder,hamilton_26,SIR
1Pre,3Post,0.0,0.59,-0.59,0.08,-7.32,0.0,-0.42,2073,0.59,0.0,True,0.59,activated,hamilton_26,SIR
1Pre,3Post,0.0,-0.27,0.27,0.07,3.95,0.0,0.23,2074,-0.27,0.0,False,-0.27,non responder,hamilton_26,SR
1Pre,3Post,-0.0,0.32,-0.32,0.05,-6.12,0.0,-0.35,2075,0.32,0.0,False,0.32,non responder,hamilton_26,SR
1Pre,3Post,0.0,0.56,-0.56,0.06,-9.5,0.0,-0.55,2076,0.56,0.0,True,0.56,activated,hamilton_28,SR
1Pre,3Post,0.0,-2.75,2.75,0.05,54.88,0.0,3.17,2077,-2.75,0.0,True,-2.75,inhibited,hamilton_28,FF
1Pre,3Post,0.0,1.41,-1.41,0.08,-17.8,0.0,-1.03,2078,1.41,0.0,True,1.41,activated,hamilton_28,SR
1Pre,3Post,-0.0,1.23,-1.23,0.08,-16.03,0.0,-0.93,2079,1.23,0.0,True,1.23,activated,hamilton_28,SR
1Pre,3Post,0.0,-0.66,0.66,0.06,10.17,0.0,0.59,2081,-0.66,0.0,True,-0.66,inhibited,hamilton_28,FF
1Pre,3Post,-0.0,-0.04,0.04,0.05,0.81,0.7,0.05,2082,-0.04,0.76,False,-0.04,non responder,hamilton_28,SR
1Pre,3Post,-0.0,0.13,-0.13,0.05,-2.68,0.02,-0.15,2083,0.13,0.03,False,0.13,non responder,hamilton_28,SIR
1Pre,3Post,0.0,-0.78,0.78,0.06,13.09,0.0,0.76,2084,-0.78,0.0,True,-0.78,inhibited,hamilton_28,SIR
1Pre,3Post,0.0,-0.55,0.55,0.05,11.88,0.0,0.69,2087,-0.55,0.0,True,-0.55,inhibited,hamilton_28,SIR
1Pre,3Post,-0.0,-0.17,0.17,0.05,3.13,0.0,0.18,2091,-0.17,0.01,False,-0.17,non responder,hamilton_28,SIR
1Pre,3Post,0.0,0.05,-0.05,0.08,-0.57,0.83,-0.03,2099,0.05,0.88,False,0.05,non responder,hamilton_28,SIR
1Pre,3Post,-0.0,0.25,-0.25,0.06,-4.06,0.0,-0.23,2101,0.25,0.0,False,0.25,non responder,hamilton_28,SIR
1Pre,3Post,0.0,0.24,-0.24,0.06,-3.7,0.0,-0.21,2102,0.24,0.0,False,0.24,non responder,hamilton_28,SR
1Pre,3Post,-0.0,9.91,-9.91,0.17,-58.29,0.0,-3.36,2103,9.91,0.0,True,9.91,activated,hamilton_28,SIR
1Pre,3Post,-0.0,0.02,-0.02,0.05,-0.33,0.94,-0.02,2104,0.02,0.97,False,0.02,non responder,hamilton_28,SIR
1Pre,3Post,0.0,0.49,-0.49,0.08,-6.09,0.0,-0.35,2107,0.49,0.0,True,0.49,activated,hamilton_28,SR
1Pre,3Post,-0.0,0.19,-0.19,0.06,-3.29,0.0,-0.19,2108,0.19,0.0,False,0.19,non responder,hamilton_28,SIR
1Pre,3Post,0.0,-0.14,0.14,0.04,3.11,0.01,0.18,2111,-0.14,0.01,False,-0.14,non responder,hamilton_28,SIR
1Pre,3Post,-0.0,0.66,-0.66,0.07,-10.11,0.0,-0.58,2112,0.66,0.0,True,0.66,activated,hamilton_28,SIR
1Pre,3Post,0.0,1.06,-1.06,0.07,-14.98,0.0,-0.86,2120,1.06,0.0,True,1.06,activated,hamilton_28,SIR
1Pre,3Post,0.0,-0.0,0.0,0.08,0.0,1.0,0.0,2125,-0.0,1.0,False,-0.0,non responder,hamilton_28,SIR
1Pre,3Post,-0.0,-0.89,0.89,0.05,16.42,0.0,0.95,2126,-0.89,0.0,True,-0.89,inhibited,hamilton_28,SR
1Pre,3Post,-0.0,1.58,-1.58,0.08,-19.44,0.0,-1.12,2127,1.58,0.0,True,1.58,activated,hamilton_28,SIR
1Pre,3Post,-0.0,0.86,-0.86,0.07,-12.8,0.0,-0.74,2128,0.86,0.0,True,0.86,activated,hamilton_28,SIR
1Pre,3Post,-0.0,0.57,-0.57,0.08,-6.71,0.0,-0.39,2130,0.57,0.0,True,0.57,activated,hamilton_28,SR
1Pre,3Post,0.0,-0.69,0.69,0.06,10.75,0.0,0.62,2135,-0.69,0.0,True,-0.69,inhibited,hamilton_29,SR
1Pre,3Post,-0.0,-0.58,0.58,0.04,14.0,0.0,0.81,2136,-0.58,0.0,True,-0.58,inhibited,hamilton_29,SIR
1Pre,3Post,0.0,-0.56,0.56,0.05,10.53,0.0,0.61,2137,-0.56,0.0,True,-0.56,inhibited,hamilton_29,SR
1Pre,3Post,-0.0,-0.64,0.64,0.05,12.49,0.0,0.72,2138,-0.64,0.0,True,-0.64,inhibited,hamilton_29,SIR
1Pre,3Post,0.0,-0.67,0.67,0.04,15.68,0.0,0.9,2139,-0.67,0.0,True,-0.67,inhibited,hamilton_29,SIR
1Pre,3Post,0.0,-0.75,0.75,0.06,12.54,0.0,0.72,2144,-0.75,0.0,True,-0.75,inhibited,hamilton_29,SIR
1Pre,3Post,-0.0,-0.87,0.87,0.05,19.24,0.0,1.11,2147,-0.87,0.0,True,-0.87,inhibited,hamilton_29,SR
1Pre,3Post,-0.0,-0.68,0.68,0.06,11.58,0.0,0.67,2152,-0.68,0.0,True,-0.68,inhibited,hamilton_29,SIR
1Pre,3Post,0.0,-1.42,1.42,0.05,28.08,0.0,1.62,2155,-1.42,0.0,True,-1.42,inhibited,hamilton_29,SIR
1Pre,3Post,0.0,-0.99,0.99,0.07,14.87,0.0,0.86,2162,-0.99,0.0,True,-0.99,inhibited,hamilton_29,SR
1Pre,3Post,-0.0,-0.82,0.82,0.04,19.9,0.0,1.15,2165,-0.82,0.0,True,-0.82,inhibited,hamilton_29,SIR
1Pre,3Post,-0.0,0.45,-0.45,0.08,-5.83,0.0,-0.34,2166,0.45,0.0,True,0.45,activated,hamilton_29,SIR
1Pre,3Post,-0.0,-0.57,0.57,0.05,12.42,0.0,0.72,2173,-0.57,0.0,True,-0.57,inhibited,hamilton_29,SIR
1Pre,3Post,-0.0,-0.24,0.24,0.05,4.89,0.0,0.28,2174,-0.24,0.0,False,-0.24,non responder,hamilton_29,SIR
1Pre,3Post,-0.0,-1.7,1.7,0.06,26.27,0.0,1.52,2176,-1.7,0.0,True,-1.7,inhibited,hamilton_29,SR
1Pre,3Post,-0.0,-0.99,0.99,0.06,16.95,0.0,0.98,2177,-0.99,0.0,True,-0.99,inhibited,hamilton_29,SIR
1Pre,3Post,-0.0,-0.4,0.4,0.05,7.8,0.0,0.45,2178,-0.4,0.0,True,-0.4,inhibited,hamilton_29,SIR
1Pre,3Post,-0.0,-0.69,0.69,0.04,16.11,0.0,0.93,2181,-0.69,0.0,True,-0.69,inhibited,hamilton_29,SIR
1Pre,3Post,0.0,1.43,-1.43,0.07,-21.47,0.0,-1.24,2183,1.43,0.0,True,1.43,activated,hamilton_29,FF
1Pre,3Post,-0.0,-1.38,1.38,0.03,39.76,0.0,2.29,2184,-1.38,0.0,True,-1.38,inhibited,hamilton_29,SIR
1Pre,3Post,-0.0,-1.04,1.04,0.06,18.38,0.0,1.06,2185,-1.04,0.0,True,-1.04,inhibited,hamilton_29,SIR
1Pre,3Post,-0.0,0.0,-0.0,0.06,-0.04,1.0,-0.0,2186,0.0,1.0,False,0.0,non responder,hamilton_29,SR
1Pre,3Post,-0.0,-0.22,0.22,0.06,3.99,0.0,0.23,2187,-0.22,0.0,False,-0.22,non responder,hamilton_29,SIR
1Pre,3Post,-0.0,-0.23,0.23,0.06,3.99,0.0,0.23,2188,-0.23,0.0,False,-0.23,non responder,hamilton_29,SIR
1Pre,3Post,-0.0,-0.97,0.97,0.04,22.65,0.0,1.31,2189,-0.97,0.0,True,-0.97,inhibited,hamilton_29,SIR
1Pre,3Post,-0.0,-0.06,0.06,0.05,1.14,0.49,0.07,2191,-0.06,0.54,False,-0.06,non responder,hamilton_29,SR
1Pre,3Post,0.0,0.35,-0.35,0.06,-6.16,0.0,-0.36,2192,0.35,0.0,False,0.35,non responder,hamilton_29,SIR
1Pre,3Post,-0.0,-1.0,1.0,0.05,18.53,0.0,1.07,2193,-1.0,0.0,True,-1.0,inhibited,hamilton_30,SIR
1Pre,3Post,0.0,-0.13,0.13,0.05,2.43,0.04,0.14,2198,-0.13,0.05,False,-0.13,non responder,hamilton_30,SIR
1Pre,3Post,-0.0,0.02,-0.02,0.06,-0.29,0.96,-0.02,2200,0.02,0.98,False,0.02,non responder,hamilton_30,SIR
1Pre,3Post,0.0,-0.01,0.01,0.06,0.22,0.97,0.01,2202,-0.01,0.99,False,-0.01,non responder,hamilton_30,SR
1Pre,3Post,0.0,-0.1,0.1,0.06,1.69,0.21,0.1,2208,-0.1,0.24,False,-0.1,non responder,hamilton_30,SIR
1Pre,3Post,0.0,-0.15,0.15,0.05,2.78,0.02,0.16,2211,-0.15,0.02,False,-0.15,non responder,hamilton_30,SIR
1Pre,3Post,-0.0,-0.49,0.49,0.05,9.57,0.0,0.55,2212,-0.49,0.0,True,-0.49,inhibited,hamilton_30,SR
1Pre,3Post,0.0,0.11,-0.11,0.06,-1.73,0.2,-0.1,2213,0.11,0.23,False,0.11,non responder,hamilton_30,SR
1Pre,3Post,-0.0,0.44,-0.44,0.06,-7.51,0.0,-0.43,2214,0.44,0.0,True,0.44,activated,hamilton_30,SR
1Pre,3Post,-0.0,-0.34,0.34,0.05,6.58,0.0,0.38,2217,-0.34,0.0,False,-0.34,non responder,hamilton_30,SIR
1Pre,3Post,-0.0,0.16,-0.16,0.06,-2.43,0.04,-0.14,2220,0.16,0.05,False,0.16,non responder,hamilton_30,SR
1Pre,3Post,-0.0,0.65,-0.65,0.06,-10.23,0.0,-0.59,2222,0.65,0.0,True,0.65,activated,hamilton_30,SR
1Pre,3Post,0.0,0.34,-0.34,0.06,-5.58,0.0,-0.32,2225,0.34,0.0,False,0.34,non responder,hamilton_30,SR
1Pre,3Post,-0.0,0.3,-0.3,0.06,-4.88,0.0,-0.28,2233,0.3,0.0,False,0.3,non responder,hamilton_30,SIR
1Pre,3Post,0.0,0.23,-0.23,0.06,-4.1,0.0,-0.24,2235,0.23,0.0,False,0.23,non responder,hamilton_30,SIR
1Pre,3Post,-0.0,-0.08,0.08,0.06,1.2,0.46,0.07,2236,-0.08,0.51,False,-0.08,non responder,hamilton_30,SIR
1Pre,3Post,0.0,-0.3,0.3,0.05,5.96,0.0,0.34,2241,-0.3,0.0,False,-0.3,non responder,hamilton_30,SIR
1Pre,3Post,0.0,0.03,-0.03,0.06,-0.55,0.85,-0.03,2242,0.03,0.89,False,0.03,non responder,hamilton_30,SIR
1Pre,3Post,0.0,-0.19,0.19,0.04,5.02,0.0,0.29,2243,-0.19,0.0,False,-0.19,non responder,hamilton_30,SR
1Pre,3Post,0.0,-0.03,0.03,0.06,0.55,0.84,0.03,2244,-0.03,0.89,False,-0.03,non responder,hamilton_30,SIR
1Pre,3Post,0.0,-0.11,0.11,0.09,1.3,0.39,0.08,2246,-0.11,0.44,False,-0.11,non responder,hamilton_30,SR
1Pre,3Post,-0.0,0.38,-0.38,0.08,-5.05,0.0,-0.29,2247,0.38,0.0,False,0.38,non responder,hamilton_30,SIR
1Pre,3Post,0.0,-0.0,0.0,0.06,0.03,1.0,0.0,2248,-0.0,1.0,False,-0.0,non responder,hamilton_30,SIR
1Pre,3Post,-0.0,0.56,-0.56,0.06,-8.87,0.0,-0.51,2249,0.56,0.0,True,0.56,activated,hamilton_30,SR
1Pre,3Post,0.0,-0.27,0.27,0.05,4.97,0.0,0.29,2250,-0.27,0.0,False,-0.27,non responder,hamilton_30,SIR
1Pre,3Post,-0.0,-0.43,0.43,0.05,8.72,0.0,0.5,2251,-0.43,0.0,True,-0.43,inhibited,hamilton_30,SIR
1Pre,3Post,-0.0,-0.33,0.33,0.06,5.85,0.0,0.34,2252,-0.33,0.0,False,-0.33,non responder,hamilton_30,SR
1Pre,3Post,0.0,-0.08,0.08,0.06,1.4,0.34,0.08,2260,-0.08,0.39,False,-0.08,non responder,hamilton_30,FF
1Pre,3Post,-0.0,-0.02,0.02,0.06,0.3,0.95,0.02,2266,-0.02,0.98,False,-0.02,non responder,hamilton_30,SIR
1Pre,3Post,0.0,-0.14,0.14,0.06,2.17,0.08,0.12,2270,-0.14,0.1,False,-0.14,non responder,hamilton_30,SIR
1Pre,3Post,-0.0,-0.6,0.6,0.05,12.56,0.0,0.72,2271,-0.6,0.0,True,-0.6,inhibited,hamilton_30,SIR
1Pre,3Post,0.0,0.21,-0.21,0.07,-3.1,0.01,-0.18,2278,0.21,0.01,False,0.21,non responder,hamilton_30,SIR
1Pre,3Post,-0.0,1.37,-1.37,0.07,-20.75,0.0,-1.2,2279,1.37,0.0,True,1.37,activated,hamilton_30,SR
1Pre,3Post,-0.0,-0.05,0.05,0.07,0.74,0.74,0.04,2280,-0.05,0.8,False,-0.05,non responder,hamilton_30,SR
1Pre,3Post,0.0,-0.13,0.13,0.06,2.27,0.06,0.13,2281,-0.13,0.08,False,-0.13,non responder,hamilton_30,SIR
1Pre,3Post,-0.0,-0.16,0.16,0.06,2.85,0.01,0.16,2282,-0.16,0.02,False,-0.16,non responder,hamilton_30,SR
1Pre,3Post,-0.0,0.28,-0.28,0.07,-4.34,0.0,-0.25,2283,0.28,0.0,False,0.28,non responder,hamilton_30,SR
1Pre,3Post,-0.0,-0.11,0.11,0.05,2.01,0.11,0.12,2284,-0.11,0.13,False,-0.11,non responder,hamilton_30,SIR
1Pre,3Post,-0.0,0.15,-0.15,0.05,-2.8,0.01,-0.16,2285,0.15,0.02,False,0.15,non responder,hamilton_30,SR
1Pre,3Post,-0.0,0.12,-0.12,0.06,-2.0,0.11,-0.12,2287,0.12,0.14,False,0.12,non responder,hamilton_30,SR
